customerID,SeniorCitizen,Tenure,Contract,InternetService,TechSupport,PaperlessBilling,PaymentMethod,MonthlyCharges,TotalCharges,SupportTickets,LatePayments,Churn
C000001,0,16,One year,DSL,Yes,No,Electronic check,93.13,1387.29,2,0,No
C000002,0,61,Two year,No internet,No,Yes,Electronic check,79.26,5009.32,1,0,No
C000003,0,25,One year,Fiber optic,No,Yes,Bank transfer,130.0,3482.72,0,1,No
C000004,0,31,Month-to-month,No internet,No,No,Mailed check,100.7,2739.22,1,1,Yes
C000005,0,15,Month-to-month,No internet,No,No,Electronic check,69.75,1052.1,3,1,Yes
C000006,0,17,Two year,DSL,No,Yes,Electronic check,68.96,1163.26,1,0,No
C000007,0,40,Month-to-month,No internet,No,Yes,Credit card,58.49,2296.45,3,0,No
C000008,0,13,Two year,Fiber optic,No,Yes,Mailed check,96.54,1285.19,1,1,No
C000009,0,5,One year,Fiber optic,No,Yes,Credit card,36.03,177.88,0,0,No
C000010,0,3,Month-to-month,No internet,No,Yes,Electronic check,88.36,258.43,0,0,Yes
C000011,0,44,Month-to-month,Fiber optic,Yes,No,Electronic check,51.19,2412.95,1,0,Yes
C000012,0,7,Month-to-month,Fiber optic,Yes,Yes,Bank transfer,19.64,129.34,1,1,No
C000013,0,15,Month-to-month,DSL,Yes,Yes,Credit card,90.8,1327.39,2,3,Yes
C000014,0,3,Month-to-month,Fiber optic,No,No,Electronic check,76.94,224.71,4,1,Yes
C000015,0,52,Month-to-month,DSL,No,Yes,Credit card,73.3,3623.08,3,2,No
C000016,0,12,One year,Fiber optic,No,Yes,Bank transfer,58.3,676.72,1,0,No
C000017,0,9,Two year,Fiber optic,No,No,Credit card,65.59,639.63,0,0,No
C000018,1,24,One year,No internet,No,No,Credit card,50.2,1142.69,4,0,No
C000019,0,38,One year,Fiber optic,No,No,Mailed check,99.89,4365.16,1,1,Yes
C000020,0,33,Two year,Fiber optic,No,Yes,Credit card,100.67,3000.88,0,1,No
C000021,0,15,Month-to-month,DSL,No,Yes,Electronic check,65.09,831.94,2,0,Yes
C000022,0,15,Month-to-month,DSL,No,No,Mailed check,66.58,955.04,0,0,Yes
C000023,0,10,One year,No internet,No,Yes,Mailed check,73.55,677.93,3,2,Yes
C000024,0,40,Month-to-month,DSL,Yes,Yes,Electronic check,89.13,3827.98,2,0,No
C000025,1,57,Month-to-month,No internet,Yes,No,Mailed check,72.1,4216.7,0,1,No
C000026,0,24,Month-to-month,Fiber optic,No,No,Bank transfer,54.91,1230.22,2,0,Yes
C000027,0,20,Month-to-month,Fiber optic,No,No,Electronic check,60.54,1193.93,1,1,No
C000028,0,14,Two year,Fiber optic,Yes,Yes,Mailed check,73.51,1007.81,1,1,No
C000029,0,43,One year,Fiber optic,No,Yes,Mailed check,62.83,3126.13,2,1,No
C000030,0,8,Month-to-month,Fiber optic,Yes,Yes,Electronic check,56.7,456.73,1,0,No
C000031,0,19,Month-to-month,Fiber optic,No,No,Bank transfer,97.49,1879.07,1,0,Yes
C000032,0,30,Month-to-month,Fiber optic,Yes,No,Electronic check,77.09,2383.22,1,0,Yes
C000033,0,8,Month-to-month,DSL,Yes,Yes,Bank transfer,89.57,725.2,2,1,Yes
C000034,0,17,Month-to-month,DSL,Yes,No,Bank transfer,44.31,751.86,1,3,No
C000035,0,6,One year,Fiber optic,Yes,No,Bank transfer,87.61,497.31,0,0,No
C000036,0,32,Month-to-month,DSL,Yes,Yes,Credit card,67.28,2160.84,0,1,No
C000037,1,24,Month-to-month,Fiber optic,Yes,No,Credit card,60.25,1461.5,1,0,No
C000038,0,38,Month-to-month,Fiber optic,No,Yes,Mailed check,49.51,1725.33,4,1,Yes
C000039,0,29,Two year,Fiber optic,Yes,No,Electronic check,50.63,1472.55,0,1,No
C000040,0,39,Month-to-month,DSL,No,Yes,Electronic check,54.85,1972.58,0,1,No
C000041,0,17,Month-to-month,Fiber optic,No,No,Credit card,69.63,1061.34,1,0,No
C000042,0,39,Two year,Fiber optic,No,Yes,Bank transfer,64.61,2503.52,3,0,No
C000043,0,11,Month-to-month,DSL,No,No,Credit card,117.19,1326.96,1,0,No
C000044,0,16,Two year,No internet,No,Yes,Credit card,78.82,1330.01,0,0,No
C000045,0,11,One year,Fiber optic,Yes,Yes,Bank transfer,72.88,772.87,0,0,No
C000046,0,9,One year,DSL,No,No,Credit card,64.49,527.73,1,2,No
C000047,0,30,Month-to-month,Fiber optic,No,Yes,Bank transfer,46.75,1323.45,1,2,No
C000048,1,46,Month-to-month,Fiber optic,No,No,Bank transfer,46.41,2096.68,0,0,No
C000049,0,17,Month-to-month,Fiber optic,No,No,Credit card,75.74,1275.89,0,1,No
C000050,0,18,Two year,Fiber optic,Yes,Yes,Bank transfer,28.54,527.18,2,3,No
C000051,1,14,Month-to-month,No internet,No,Yes,Bank transfer,107.57,1485.89,1,2,Yes
C000052,0,53,One year,Fiber optic,Yes,Yes,Credit card,106.21,5976.3,0,0,No
C000053,1,4,Month-to-month,Fiber optic,No,No,Mailed check,29.59,113.52,0,0,No
C000054,1,7,Month-to-month,No internet,No,No,Bank transfer,97.28,698.77,1,0,No
C000055,0,30,Month-to-month,Fiber optic,Yes,Yes,Electronic check,94.59,2941.77,1,2,No
C000056,0,6,Month-to-month,DSL,No,No,Mailed check,95.27,583.86,0,0,No
C000057,0,9,Two year,DSL,No,Yes,Credit card,83.9,777.92,2,3,No
C000058,0,22,Month-to-month,Fiber optic,No,Yes,Credit card,108.19,2218.1,0,1,Yes
C000059,0,11,Two year,No internet,No,No,Credit card,46.63,539.23,2,1,No
C000060,0,15,One year,Fiber optic,No,Yes,Bank transfer,55.39,803.43,2,0,No
C000061,0,4,One year,DSL,No,No,Credit card,82.2,324.51,0,1,No
C000062,0,22,One year,No internet,Yes,Yes,Credit card,68.23,1405.91,4,0,No
C000063,0,35,One year,Fiber optic,Yes,Yes,Bank transfer,30.97,1105.99,2,0,No
C000064,0,48,Month-to-month,DSL,No,Yes,Electronic check,87.53,4080.73,2,1,Yes
C000065,0,37,Month-to-month,Fiber optic,Yes,No,Electronic check,92.73,3282.29,1,0,No
C000066,0,49,Month-to-month,DSL,Yes,No,Bank transfer,61.58,3136.56,0,0,No
C000067,0,46,Month-to-month,DSL,No,No,Bank transfer,76.52,3350.67,0,2,No
C000068,0,11,Month-to-month,Fiber optic,No,Yes,Bank transfer,90.99,1021.0,0,0,Yes
C000069,0,44,Two year,Fiber optic,No,No,Bank transfer,18.0,799.41,0,0,No
C000070,1,11,Month-to-month,No internet,Yes,Yes,Bank transfer,52.96,600.33,0,0,Yes
C000071,1,52,One year,DSL,No,Yes,Bank transfer,45.05,2345.7,1,0,No
C000072,0,9,Month-to-month,No internet,Yes,No,Mailed check,63.28,526.78,0,1,No
C000073,0,36,Two year,Fiber optic,No,Yes,Bank transfer,35.82,1298.92,0,1,No
C000074,0,8,One year,DSL,No,Yes,Electronic check,34.99,285.75,2,0,Yes
C000075,0,51,Month-to-month,Fiber optic,No,Yes,Mailed check,72.42,4106.55,1,1,No
C000076,0,1,Two year,Fiber optic,No,No,Bank transfer,112.84,125.4,0,0,No
C000077,0,20,Two year,DSL,No,No,Bank transfer,35.92,755.66,1,1,No
C000078,0,7,Two year,DSL,Yes,Yes,Electronic check,107.33,794.97,2,2,No
C000079,0,24,One year,No internet,No,No,Electronic check,91.07,1843.34,1,2,No
C000080,0,26,Month-to-month,DSL,Yes,No,Bank transfer,92.21,2317.33,1,1,No
C000081,0,36,Month-to-month,Fiber optic,Yes,No,Electronic check,100.08,3360.89,0,3,Yes
C000082,0,8,Two year,Fiber optic,No,No,Credit card,56.42,467.36,1,0,No
C000083,0,14,One year,No internet,Yes,No,Electronic check,95.29,1376.15,3,2,No
C000084,0,16,Month-to-month,Fiber optic,No,No,Credit card,29.11,480.7,2,0,No
C000085,0,20,Two year,Fiber optic,Yes,Yes,Mailed check,47.0,972.53,1,0,No
C000086,0,11,One year,No internet,No,Yes,Credit card,75.34,846.23,0,0,No
C000087,0,68,One year,Fiber optic,No,Yes,Electronic check,86.43,5833.4,0,0,No
C000088,1,9,Month-to-month,Fiber optic,No,Yes,Electronic check,32.49,281.8,1,0,No
C000089,0,49,Month-to-month,DSL,No,Yes,Bank transfer,19.29,985.16,0,0,No
C000090,0,14,Month-to-month,Fiber optic,No,No,Credit card,77.39,1083.07,3,0,No
C000091,0,14,Month-to-month,Fiber optic,No,Yes,Electronic check,74.41,1108.07,3,1,Yes
C000092,0,10,Two year,No internet,No,No,Mailed check,84.53,822.04,2,2,No
C000093,1,6,Month-to-month,Fiber optic,No,No,Bank transfer,65.17,384.3,0,3,No
C000094,0,18,Month-to-month,DSL,Yes,Yes,Electronic check,34.24,586.56,1,0,No
C000095,0,21,Month-to-month,Fiber optic,Yes,Yes,Mailed check,95.47,2083.46,0,1,No
C000096,0,15,One year,No internet,Yes,No,Bank transfer,86.58,1233.1,0,0,No
C000097,0,72,Month-to-month,DSL,No,Yes,Electronic check,71.37,4399.16,1,0,No
C000098,0,16,Month-to-month,DSL,Yes,No,Electronic check,121.78,1851.62,0,1,Yes
C000099,0,30,Month-to-month,DSL,No,Yes,Credit card,73.09,2099.01,1,1,No
C000100,1,11,Month-to-month,No internet,Yes,No,Electronic check,105.09,1154.59,2,1,Yes
C000101,0,17,Two year,DSL,No,Yes,Credit card,63.69,1058.58,1,1,No
C000102,0,13,One year,DSL,No,No,Credit card,18.0,251.82,0,3,No
C000103,0,24,Month-to-month,DSL,No,Yes,Mailed check,37.98,928.75,0,0,No
C000104,1,18,Month-to-month,No internet,No,Yes,Credit card,18.0,342.9,1,0,No
C000105,0,30,Two year,Fiber optic,No,Yes,Electronic check,61.22,1991.17,0,0,No
C000106,0,4,Month-to-month,Fiber optic,No,No,Bank transfer,96.66,411.05,0,1,Yes
C000107,0,23,One year,Fiber optic,No,Yes,Mailed check,24.24,588.53,1,1,No
C000108,0,23,One year,Fiber optic,Yes,No,Electronic check,85.29,1904.83,0,1,No
C000109,0,30,Month-to-month,Fiber optic,No,Yes,Credit card,60.15,1852.59,0,2,No
C000110,0,20,Month-to-month,Fiber optic,Yes,No,Electronic check,89.94,1787.77,2,2,Yes
C000111,0,72,One year,Fiber optic,No,No,Credit card,76.57,5771.49,2,1,No
C000112,0,16,Two year,DSL,No,No,Electronic check,42.1,649.9,1,1,No
C000113,0,34,Month-to-month,DSL,Yes,Yes,Bank transfer,81.7,2889.29,2,1,No
C000114,0,6,Two year,Fiber optic,Yes,Yes,Electronic check,66.26,385.55,0,0,No
C000115,0,7,Month-to-month,DSL,Yes,No,Mailed check,89.76,656.83,3,1,Yes
C000116,1,11,One year,DSL,No,No,Credit card,116.0,1371.08,1,0,No
C000117,0,16,Two year,No internet,No,No,Credit card,62.28,1071.02,1,0,No
C000118,0,10,Month-to-month,Fiber optic,Yes,Yes,Electronic check,108.42,1057.88,1,2,Yes
C000119,0,20,Month-to-month,DSL,No,Yes,Electronic check,64.82,1401.02,1,4,No
C000120,1,35,Two year,Fiber optic,No,Yes,Mailed check,82.59,2591.16,2,0,No
C000121,1,15,Month-to-month,Fiber optic,No,No,Bank transfer,72.03,1092.02,1,0,No
C000122,0,18,One year,DSL,Yes,No,Electronic check,50.42,829.9,3,2,No
C000123,0,37,One year,DSL,No,Yes,Credit card,70.57,2615.21,0,1,Yes
C000124,1,11,Month-to-month,Fiber optic,Yes,Yes,Credit card,56.08,572.93,2,0,No
C000125,0,48,One year,DSL,No,No,Credit card,81.55,3906.78,2,1,No
C000126,0,7,Month-to-month,No internet,No,Yes,Electronic check,40.77,273.28,0,1,Yes
C000127,0,30,Month-to-month,Fiber optic,Yes,Yes,Electronic check,43.12,1394.12,0,2,No
C000128,1,72,Month-to-month,Fiber optic,No,Yes,Credit card,89.22,7270.74,1,1,No
C000129,0,25,Month-to-month,No internet,No,No,Mailed check,80.85,2128.75,0,1,Yes
C000130,0,29,Month-to-month,DSL,Yes,Yes,Electronic check,81.63,2517.4,1,0,No
C000131,0,10,Two year,DSL,No,No,Electronic check,81.62,840.28,2,0,No
C000132,1,17,One year,No internet,No,Yes,Electronic check,93.6,1584.76,1,0,Yes
C000133,0,56,Month-to-month,Fiber optic,No,No,Bank transfer,79.36,4389.72,2,0,No
C000134,0,18,Month-to-month,DSL,Yes,Yes,Bank transfer,90.54,1516.92,2,0,No
C000135,0,4,Two year,Fiber optic,Yes,Yes,Mailed check,47.94,182.86,1,1,No
C000136,0,5,Month-to-month,Fiber optic,No,Yes,Credit card,80.39,421.9,1,0,No
C000137,0,24,Two year,Fiber optic,Yes,Yes,Mailed check,48.9,1145.99,3,2,No
C000138,0,4,Month-to-month,DSL,Yes,No,Mailed check,36.37,149.09,0,0,No
C000139,0,6,Month-to-month,DSL,No,No,Mailed check,61.79,351.23,1,1,No
C000140,0,25,Two year,Fiber optic,No,No,Mailed check,83.75,2388.26,1,0,No
C000141,1,4,One year,DSL,No,No,Mailed check,67.99,294.83,2,0,No
C000142,0,12,One year,DSL,No,Yes,Credit card,112.29,1342.73,0,1,No
C000143,0,10,Month-to-month,Fiber optic,No,No,Mailed check,84.55,943.01,2,0,Yes
C000144,1,6,Two year,Fiber optic,Yes,Yes,Electronic check,78.23,484.91,0,0,Yes
C000145,0,8,Month-to-month,DSL,Yes,No,Mailed check,70.39,601.69,2,0,Yes
C000146,0,12,Two year,No internet,No,No,Credit card,33.8,402.63,1,4,No
C000147,0,27,Month-to-month,Fiber optic,Yes,Yes,Bank transfer,68.87,,2,0,No
C000148,1,38,Month-to-month,No internet,No,Yes,Electronic check,68.17,2819.21,1,1,Yes
C000149,1,32,Month-to-month,Fiber optic,No,Yes,Mailed check,111.43,3733.65,1,0,Yes
C000150,0,61,Two year,Fiber optic,No,No,Mailed check,47.74,3065.29,2,1,No
C000151,0,60,Month-to-month,Fiber optic,No,No,Electronic check,64.43,4110.95,1,0,No
C000152,0,51,Two year,Fiber optic,Yes,Yes,Credit card,49.42,2546.7,3,1,No
C000153,0,26,One year,DSL,No,No,Credit card,71.33,1808.29,1,0,No
C000154,0,38,One year,DSL,No,Yes,Electronic check,24.16,941.74,3,2,No
C000155,0,12,One year,No internet,Yes,Yes,Bank transfer,75.02,807.18,1,2,No
C000156,0,36,Two year,DSL,Yes,No,Electronic check,67.92,2464.99,2,0,No
C000157,0,34,Month-to-month,Fiber optic,Yes,No,Electronic check,72.14,2626.41,2,0,No
C000158,0,20,Month-to-month,Fiber optic,Yes,Yes,Electronic check,130.0,2571.57,2,1,Yes
C000159,0,36,Month-to-month,DSL,Yes,Yes,Electronic check,65.49,2630.01,1,2,No
C000160,0,22,Month-to-month,Fiber optic,No,Yes,Bank transfer,79.74,1722.48,1,0,No
C000161,0,25,Month-to-month,No internet,No,No,Mailed check,67.09,1576.88,3,0,No
C000162,1,13,Two year,DSL,No,No,Bank transfer,94.89,1280.56,4,0,No
C000163,0,10,Two year,DSL,No,No,Credit card,123.86,1229.17,0,2,No
C000164,0,12,Month-to-month,No internet,No,Yes,Bank transfer,110.2,1375.39,1,2,No
C000165,0,45,One year,DSL,Yes,No,Electronic check,75.97,3295.14,2,0,No
C000166,0,6,Month-to-month,DSL,Yes,Yes,Electronic check,35.62,221.43,1,0,No
C000167,0,33,One year,No internet,No,Yes,Bank transfer,78.47,2614.59,0,0,No
C000168,0,25,One year,DSL,No,Yes,Bank transfer,25.97,660.97,0,1,No
C000169,0,5,Month-to-month,No internet,No,Yes,Credit card,45.45,240.92,0,0,No
C000170,0,17,Two year,No internet,No,No,Electronic check,52.69,856.74,0,2,No
C000171,0,10,Month-to-month,No internet,No,Yes,Electronic check,39.61,393.22,1,0,Yes
C000172,0,14,One year,DSL,No,No,Credit card,67.55,1011.55,2,1,No
C000173,0,58,One year,DSL,Yes,No,Bank transfer,58.36,3644.09,2,1,No
C000174,0,22,Month-to-month,Fiber optic,No,No,Electronic check,48.87,1124.63,3,0,No
C000175,0,45,Month-to-month,No internet,No,No,Bank transfer,76.91,3238.61,1,0,No
C000176,0,7,Month-to-month,DSL,No,No,Electronic check,49.01,348.21,1,2,No
C000177,0,5,One year,DSL,No,Yes,Bank transfer,99.83,488.39,2,0,No
C000178,0,12,Two year,DSL,No,Yes,Bank transfer,83.45,984.95,2,0,No
C000179,0,15,One year,DSL,No,Yes,Bank transfer,56.53,771.56,2,2,Yes
C000180,0,20,Month-to-month,Fiber optic,Yes,No,Electronic check,78.53,1377.21,0,0,No
C000181,0,7,Two year,Fiber optic,No,Yes,Credit card,50.27,373.64,2,0,No
C000182,0,72,Two year,Fiber optic,No,No,Credit card,51.58,3903.75,0,2,No
C000183,0,33,Two year,DSL,No,Yes,Credit card,93.2,,0,1,No
C000184,0,37,Month-to-month,DSL,No,No,Bank transfer,27.13,984.77,2,1,No
C000185,0,34,Two year,DSL,Yes,Yes,Electronic check,79.03,2702.73,1,3,No
C000186,0,5,Month-to-month,DSL,Yes,Yes,Credit card,115.79,560.02,2,0,No
C000187,0,16,Month-to-month,DSL,Yes,No,Bank transfer,18.0,297.34,1,0,No
C000188,0,21,Month-to-month,No internet,No,No,Bank transfer,127.87,2628.19,0,2,No
C000189,1,20,Month-to-month,Fiber optic,Yes,Yes,Bank transfer,18.68,343.18,0,2,No
C000190,0,27,Month-to-month,DSL,No,No,Electronic check,18.0,474.78,1,0,No
C000191,0,11,Month-to-month,Fiber optic,No,No,Credit card,18.0,,2,0,No
C000192,0,45,One year,No internet,No,Yes,Bank transfer,37.79,1609.83,2,0,No
C000193,0,10,Month-to-month,Fiber optic,Yes,No,Electronic check,52.17,546.28,1,1,No
C000194,0,15,One year,Fiber optic,No,Yes,Mailed check,18.95,302.74,0,0,No
C000195,0,19,Month-to-month,Fiber optic,Yes,No,Electronic check,62.03,1223.86,1,1,Yes
C000196,0,38,One year,Fiber optic,No,No,Mailed check,87.64,3449.07,2,1,No
C000197,1,6,Month-to-month,DSL,No,Yes,Credit card,47.38,283.24,0,1,No
C000198,0,11,Month-to-month,No internet,No,No,Mailed check,70.06,797.32,2,1,No
C000199,0,3,Two year,No internet,No,Yes,Mailed check,82.65,237.53,1,2,No
C000200,0,11,Month-to-month,Fiber optic,No,Yes,Credit card,110.92,1050.5,2,1,Yes
C000201,0,9,Two year,No internet,No,Yes,Electronic check,64.77,559.33,2,0,No
C000202,0,39,One year,Fiber optic,Yes,Yes,Electronic check,85.22,3618.81,1,0,No
C000203,0,10,One year,Fiber optic,No,No,Bank transfer,80.01,851.01,1,2,Yes
C000204,0,6,Month-to-month,DSL,No,Yes,Electronic check,68.33,384.33,0,3,Yes
C000205,0,32,One year,DSL,Yes,Yes,Bank transfer,58.33,1843.98,0,0,No
C000206,0,41,Month-to-month,DSL,Yes,Yes,Credit card,76.18,2992.19,0,0,Yes
C000207,0,32,Two year,No internet,No,Yes,Bank transfer,84.56,2516.45,0,0,No
C000208,0,12,Two year,No internet,No,Yes,Electronic check,33.48,394.22,1,1,No
C000209,0,26,Two year,No internet,No,Yes,Electronic check,57.49,1567.0,3,2,No
C000210,1,8,Month-to-month,No internet,Yes,No,Mailed check,75.57,607.09,3,1,Yes
C000211,0,17,Month-to-month,No internet,No,No,Credit card,74.54,,2,1,No
C000212,0,31,Month-to-month,Fiber optic,No,Yes,Bank transfer,75.38,2034.62,1,0,No
C000213,1,45,Month-to-month,Fiber optic,No,No,Bank transfer,108.53,5528.7,0,0,No
C000214,0,7,One year,DSL,Yes,No,Bank transfer,93.65,610.29,1,1,No
C000215,1,11,One year,Fiber optic,No,Yes,Electronic check,35.0,385.69,3,0,No
C000216,0,21,Month-to-month,DSL,No,Yes,Bank transfer,107.21,2362.98,3,0,Yes
C000217,0,40,Two year,No internet,Yes,Yes,Electronic check,49.0,1982.1,0,1,No
C000218,1,27,One year,No internet,No,No,Mailed check,45.79,1298.79,2,2,No
C000219,0,17,Month-to-month,DSL,No,Yes,Credit card,94.4,1381.7,2,0,No
C000220,0,13,One year,Fiber optic,Yes,Yes,Electronic check,58.52,720.88,4,1,No
C000221,0,48,Two year,No internet,No,Yes,Bank transfer,23.84,1098.08,1,1,No
C000222,0,27,Month-to-month,DSL,No,Yes,Bank transfer,82.67,2052.23,2,2,No
C000223,0,59,One year,Fiber optic,Yes,No,Electronic check,78.29,4181.67,4,0,No
C000224,0,11,One year,Fiber optic,Yes,Yes,Credit card,80.56,932.8,3,1,No
C000225,0,32,One year,Fiber optic,No,Yes,Electronic check,30.97,915.21,0,0,No
C000226,1,52,Month-to-month,No internet,No,Yes,Credit card,87.31,4838.38,3,0,No
C000227,0,14,One year,Fiber optic,Yes,Yes,Electronic check,51.02,752.72,0,2,No
C000228,0,72,One year,DSL,Yes,No,Bank transfer,89.77,6327.9,2,0,No
C000229,0,18,Two year,Fiber optic,Yes,Yes,Credit card,35.05,,0,0,No
C000230,0,10,Two year,Fiber optic,No,No,Credit card,42.24,407.38,1,2,No
C000231,1,18,Month-to-month,DSL,No,No,Mailed check,18.0,309.99,0,0,No
C000232,0,38,One year,DSL,Yes,Yes,Electronic check,46.88,1711.08,1,1,No
C000233,0,16,Two year,Fiber optic,No,Yes,Bank transfer,93.89,1431.88,1,1,No
C000234,0,16,Two year,DSL,Yes,Yes,Bank transfer,72.73,1166.88,4,0,No
C000235,1,20,Month-to-month,DSL,No,Yes,Electronic check,52.22,1025.96,0,0,No
C000236,0,21,Month-to-month,Fiber optic,No,Yes,Mailed check,101.67,2127.25,2,1,No
C000237,1,17,One year,No internet,Yes,Yes,Credit card,72.0,1221.69,0,1,No
C000238,1,29,Month-to-month,Fiber optic,Yes,No,Mailed check,86.34,2686.3,0,0,Yes
C000239,0,6,One year,Fiber optic,Yes,Yes,Electronic check,75.31,506.16,4,2,Yes
C000240,0,16,Two year,Fiber optic,Yes,No,Bank transfer,64.07,1025.86,3,2,No
C000241,0,72,Month-to-month,Fiber optic,No,No,Mailed check,70.17,5026.5,2,1,Yes
C000242,0,27,Month-to-month,Fiber optic,Yes,No,Credit card,77.81,2080.15,1,1,Yes
C000243,0,53,Month-to-month,DSL,Yes,No,Mailed check,95.57,5355.3,1,0,No
C000244,0,13,One year,No internet,Yes,No,Electronic check,82.05,1110.78,0,0,No
C000245,0,25,Month-to-month,DSL,No,No,Electronic check,89.23,2245.08,2,0,Yes
C000246,0,27,Month-to-month,DSL,No,No,Electronic check,38.23,1023.11,1,0,No
C000247,0,34,Month-to-month,Fiber optic,Yes,No,Credit card,18.6,654.02,0,1,No
C000248,1,1,One year,Fiber optic,No,Yes,Mailed check,74.69,79.35,1,0,Yes
C000249,0,23,Two year,Fiber optic,No,Yes,Electronic check,70.55,1580.16,1,1,No
C000250,0,38,Month-to-month,DSL,No,No,Credit card,77.81,3032.23,1,1,No
C000251,0,28,Month-to-month,No internet,No,No,Electronic check,40.89,1020.64,1,0,No
C000252,0,5,Month-to-month,Fiber optic,No,No,Bank transfer,70.18,336.83,1,0,Yes
C000253,0,8,Month-to-month,No internet,Yes,Yes,Credit card,39.4,324.18,0,1,No
C000254,0,25,Month-to-month,Fiber optic,No,No,Credit card,68.7,1554.85,5,0,No
C000255,0,36,Month-to-month,DSL,No,Yes,Electronic check,64.62,2115.79,4,0,Yes
C000256,0,20,Month-to-month,DSL,Yes,Yes,Mailed check,62.03,1259.02,2,2,No
C000257,1,12,Month-to-month,Fiber optic,No,No,Electronic check,74.42,787.51,0,0,Yes
C000258,0,7,One year,Fiber optic,Yes,No,Bank transfer,53.74,368.85,0,0,Yes
C000259,1,22,One year,Fiber optic,No,Yes,Electronic check,65.93,1630.68,1,0,No
C000260,0,39,Month-to-month,DSL,Yes,Yes,Electronic check,84.32,3356.93,0,1,No
C000261,0,41,Month-to-month,DSL,No,Yes,Electronic check,105.06,4759.1,0,1,Yes
C000262,0,65,One year,Fiber optic,No,No,Electronic check,76.87,5462.37,2,0,No
C000263,0,14,Month-to-month,DSL,No,Yes,Bank transfer,87.35,1167.33,0,1,Yes
C000264,0,6,Month-to-month,No internet,Yes,No,Electronic check,81.37,482.37,1,2,No
C000265,0,8,Month-to-month,DSL,No,Yes,Mailed check,109.06,892.03,0,0,Yes
C000266,0,11,Month-to-month,No internet,Yes,Yes,Electronic check,120.0,1407.06,3,1,Yes
C000267,0,1,Two year,No internet,No,Yes,Mailed check,50.19,54.5,1,0,No
C000268,1,20,Month-to-month,Fiber optic,Yes,No,Electronic check,84.16,1761.53,2,2,Yes
C000269,0,12,Month-to-month,Fiber optic,Yes,No,Mailed check,74.19,908.24,6,3,Yes
C000270,1,14,Two year,Fiber optic,Yes,No,Bank transfer,106.94,1402.89,3,0,No
C000271,1,16,One year,Fiber optic,No,No,Electronic check,18.0,306.14,1,2,No
C000272,0,21,Month-to-month,No internet,Yes,No,Bank transfer,50.02,1014.2,2,3,No
C000273,0,7,Month-to-month,No internet,No,Yes,Electronic check,22.18,164.46,0,0,No
C000274,0,5,Two year,DSL,Yes,Yes,Electronic check,101.71,549.34,1,0,No
C000275,0,9,Month-to-month,No internet,No,No,Electronic check,73.63,605.47,0,2,Yes
C000276,0,31,One year,DSL,No,Yes,Credit card,83.51,2901.97,2,2,No
C000277,0,27,Month-to-month,DSL,No,Yes,Electronic check,77.03,2056.49,1,0,Yes
C000278,1,27,One year,Fiber optic,Yes,Yes,Electronic check,73.72,2119.81,0,1,No
C000279,0,7,One year,DSL,No,Yes,Credit card,77.04,570.0,3,1,No
C000280,0,15,Two year,Fiber optic,No,Yes,Electronic check,55.91,932.42,1,0,No
C000281,0,24,One year,Fiber optic,No,Yes,Electronic check,18.0,462.88,3,1,No
C000282,0,8,Month-to-month,Fiber optic,No,Yes,Electronic check,74.87,657.97,1,1,Yes
C000283,0,63,Month-to-month,No internet,Yes,Yes,Credit card,64.98,4302.24,1,1,No
C000284,0,43,Month-to-month,No internet,Yes,Yes,Electronic check,52.06,2134.38,1,0,No
C000285,1,11,One year,DSL,No,No,Credit card,51.04,555.56,4,2,No
C000286,0,16,Month-to-month,DSL,No,Yes,Electronic check,99.92,1665.94,0,0,Yes
C000287,0,15,Month-to-month,Fiber optic,No,Yes,Bank transfer,47.59,755.11,2,1,No
C000288,0,7,Month-to-month,DSL,No,Yes,Credit card,39.5,279.16,1,1,No
C000289,0,7,One year,Fiber optic,No,No,Bank transfer,83.41,559.23,0,0,No
C000290,1,37,Two year,Fiber optic,No,Yes,Mailed check,103.92,3558.79,1,2,No
C000291,0,51,Month-to-month,DSL,Yes,No,Mailed check,33.43,1715.18,0,1,No
C000292,0,11,Month-to-month,Fiber optic,No,Yes,Electronic check,41.17,534.9,1,1,No
C000293,0,18,One year,Fiber optic,Yes,Yes,Credit card,39.61,708.38,0,0,No
C000294,0,9,One year,Fiber optic,Yes,No,Mailed check,76.22,666.4,1,0,No
C000295,0,2,One year,DSL,Yes,No,Bank transfer,80.71,167.43,1,0,No
C000296,0,4,Two year,Fiber optic,Yes,No,Bank transfer,102.46,428.18,0,1,No
C000297,0,7,Two year,DSL,Yes,Yes,Credit card,65.01,459.02,0,2,No
C000298,0,14,Two year,No internet,No,No,Electronic check,60.07,740.66,0,1,No
C000299,0,46,One year,Fiber optic,No,Yes,Electronic check,51.05,2254.5,2,2,No
C000300,0,5,Month-to-month,DSL,Yes,Yes,Credit card,95.21,458.5,1,0,Yes
C000301,0,11,One year,No internet,Yes,No,Mailed check,51.14,584.15,1,0,No
C000302,0,35,Month-to-month,Fiber optic,No,Yes,Bank transfer,45.21,1524.2,2,1,No
C000303,1,19,One year,DSL,Yes,No,Bank transfer,60.51,1134.69,0,1,No
C000304,0,4,One year,Fiber optic,No,Yes,Credit card,65.64,245.36,2,1,No
C000305,0,11,One year,Fiber optic,No,No,Credit card,76.51,814.44,0,0,No
C000306,0,40,Month-to-month,No internet,Yes,Yes,Bank transfer,50.28,2279.6,3,0,No
C000307,0,2,Month-to-month,DSL,No,Yes,Electronic check,110.94,233.15,3,0,No
C000308,0,49,Month-to-month,Fiber optic,Yes,No,Credit card,115.27,5798.82,2,0,Yes
C000309,0,50,Month-to-month,No internet,No,No,Electronic check,37.62,1787.85,0,1,No
C000310,0,18,Two year,Fiber optic,Yes,No,Credit card,69.96,1168.32,2,0,No
C000311,0,4,Month-to-month,No internet,No,No,Electronic check,40.58,172.48,1,1,Yes
C000312,0,39,Month-to-month,DSL,No,No,Credit card,59.16,2308.31,2,1,No
C000313,1,13,Month-to-month,Fiber optic,No,No,Bank transfer,34.82,469.35,0,1,Yes
C000314,0,44,One year,DSL,Yes,No,Electronic check,59.05,2647.78,0,2,No
C000315,0,25,Month-to-month,No internet,No,Yes,Bank transfer,73.17,1845.19,2,1,No
C000316,1,11,Two year,Fiber optic,Yes,No,Bank transfer,70.6,661.96,0,2,No
C000317,0,18,Two year,DSL,Yes,No,Electronic check,31.99,607.79,1,2,No
C000318,0,38,Month-to-month,DSL,No,No,Credit card,18.0,757.1,1,2,No
C000319,0,16,Month-to-month,Fiber optic,No,Yes,Bank transfer,19.02,306.1,0,0,No
C000320,0,22,One year,DSL,No,Yes,Mailed check,97.38,2123.1,1,1,Yes
C000321,1,50,Two year,Fiber optic,No,Yes,Credit card,61.66,3127.57,0,2,No
C000322,0,26,Month-to-month,Fiber optic,No,No,Electronic check,68.08,1745.58,0,0,Yes
C000323,0,25,One year,DSL,Yes,Yes,Electronic check,103.33,2303.21,1,0,No
C000324,1,56,Two year,DSL,Yes,Yes,Credit card,40.68,2232.24,0,1,No
C000325,0,27,Two year,Fiber optic,No,Yes,Electronic check,76.87,2077.25,1,1,No
C000326,0,18,Month-to-month,DSL,No,No,Credit card,49.02,939.85,1,0,No
C000327,0,5,Month-to-month,No internet,No,No,Electronic check,71.04,334.8,0,0,Yes
C000328,0,43,Two year,DSL,No,No,Credit card,18.19,768.6,3,0,No
C000329,1,57,Month-to-month,Fiber optic,No,Yes,Mailed check,55.94,3197.24,1,0,No
C000330,0,11,Month-to-month,DSL,Yes,No,Bank transfer,64.37,729.03,0,1,Yes
C000331,1,39,One year,Fiber optic,Yes,Yes,Bank transfer,68.98,3007.95,3,0,No
C000332,0,13,Month-to-month,Fiber optic,Yes,Yes,Mailed check,29.56,399.67,1,0,No
C000333,0,10,One year,DSL,Yes,Yes,Mailed check,59.87,623.32,0,0,No
C000334,0,10,Month-to-month,Fiber optic,Yes,No,Bank transfer,88.79,825.64,1,0,No
C000335,0,34,Two year,No internet,No,Yes,Electronic check,63.83,2382.48,1,2,No
C000336,0,14,Month-to-month,Fiber optic,No,No,Credit card,88.04,1107.51,0,1,Yes
C000337,0,36,One year,Fiber optic,No,Yes,Credit card,83.06,3238.16,1,1,No
C000338,0,7,Month-to-month,DSL,No,No,Electronic check,72.4,534.28,2,1,No
C000339,0,21,Month-to-month,DSL,No,Yes,Electronic check,56.76,1201.59,0,1,Yes
C000340,0,28,Month-to-month,Fiber optic,Yes,Yes,Mailed check,68.11,1790.16,1,1,No
C000341,0,24,Month-to-month,No internet,No,Yes,Credit card,42.34,1050.97,2,1,No
C000342,0,3,Month-to-month,DSL,No,Yes,Mailed check,83.16,242.92,1,3,Yes
C000343,0,20,One year,DSL,No,Yes,Electronic check,74.45,1612.99,4,1,Yes
C000344,0,41,Month-to-month,Fiber optic,Yes,No,Bank transfer,96.53,3269.96,1,0,No
C000345,0,20,Month-to-month,Fiber optic,Yes,No,Electronic check,123.75,2492.64,0,2,No
C000346,0,14,Two year,Fiber optic,No,Yes,Bank transfer,87.82,1038.57,2,5,No
C000347,0,54,Two year,No internet,No,Yes,Bank transfer,80.67,4384.41,2,0,No
C000348,0,12,Two year,Fiber optic,No,No,Electronic check,71.08,838.72,0,0,No
C000349,0,4,Month-to-month,No internet,No,No,Bank transfer,87.94,370.23,1,0,Yes
C000350,0,23,Month-to-month,Fiber optic,Yes,No,Bank transfer,101.47,,0,1,No
C000351,1,10,Month-to-month,Fiber optic,No,Yes,Credit card,59.01,556.2,1,0,Yes
C000352,0,46,Month-to-month,No internet,No,No,Electronic check,33.82,1356.62,1,1,No
C000353,0,37,Month-to-month,DSL,No,No,Mailed check,31.39,1131.98,1,1,No
C000354,0,11,Month-to-month,Fiber optic,Yes,No,Credit card,91.66,1020.18,1,1,Yes
C000355,0,39,Month-to-month,DSL,Yes,Yes,Electronic check,78.13,3006.05,2,1,No
C000356,0,3,Month-to-month,Fiber optic,Yes,Yes,Credit card,79.91,226.06,2,0,Yes
C000357,0,46,Two year,DSL,No,Yes,Mailed check,23.25,1056.74,3,0,No
C000358,0,24,Month-to-month,Fiber optic,No,Yes,Electronic check,51.8,1286.83,2,2,No
C000359,0,19,Month-to-month,DSL,No,Yes,Credit card,26.39,511.27,0,0,No
C000360,0,5,One year,Fiber optic,No,Yes,Mailed check,36.94,163.11,0,0,No
C000361,0,17,Month-to-month,Fiber optic,No,No,Electronic check,51.63,852.39,0,1,Yes
C000362,0,4,Month-to-month,No internet,Yes,Yes,Electronic check,48.66,184.45,1,4,Yes
C000363,0,7,Month-to-month,No internet,No,Yes,Bank transfer,106.68,622.91,2,1,Yes
C000364,0,24,Month-to-month,Fiber optic,No,No,Bank transfer,33.69,838.66,2,0,Yes
C000365,0,49,One year,Fiber optic,Yes,Yes,Electronic check,50.29,2514.76,1,1,No
C000366,0,16,Month-to-month,DSL,No,Yes,Mailed check,46.96,705.15,2,2,No
C000367,1,12,Month-to-month,DSL,Yes,Yes,Electronic check,68.02,842.95,2,1,Yes
C000368,0,24,One year,Fiber optic,Yes,No,Credit card,84.84,2068.07,1,1,No
C000369,0,36,Two year,No internet,No,No,Mailed check,45.62,1596.41,0,1,No
C000370,1,43,Month-to-month,Fiber optic,No,Yes,Bank transfer,23.47,1028.93,0,1,No
C000371,0,52,Month-to-month,Fiber optic,Yes,Yes,Credit card,55.2,2836.21,0,1,No
C000372,0,7,Month-to-month,Fiber optic,No,Yes,Electronic check,76.33,512.69,1,0,Yes
C000373,1,32,Two year,Fiber optic,Yes,Yes,Credit card,38.32,1303.58,0,1,No
C000374,0,10,Two year,Fiber optic,No,Yes,Mailed check,90.99,825.03,1,0,No
C000375,0,33,Month-to-month,Fiber optic,No,Yes,Bank transfer,40.06,1474.79,2,1,No
C000376,0,14,Two year,No internet,No,Yes,Electronic check,49.62,705.91,2,3,No
C000377,1,52,Month-to-month,Fiber optic,No,Yes,Bank transfer,54.57,2768.81,3,0,No
C000378,0,11,Month-to-month,No internet,No,Yes,Bank transfer,115.07,1299.56,0,0,Yes
C000379,0,24,Month-to-month,Fiber optic,No,Yes,Bank transfer,86.14,1952.83,1,1,No
C000380,1,27,Two year,Fiber optic,Yes,Yes,Credit card,75.17,1982.01,2,0,No
C000381,0,9,Month-to-month,No internet,No,Yes,Mailed check,40.23,405.87,2,2,No
C000382,0,18,Month-to-month,No internet,Yes,Yes,Electronic check,37.54,695.62,0,2,No
C000383,0,7,One year,No internet,Yes,No,Credit card,48.2,334.5,5,1,No
C000384,0,12,Month-to-month,Fiber optic,Yes,Yes,Bank transfer,107.07,1274.25,2,1,Yes
C000385,0,45,Month-to-month,Fiber optic,No,No,Bank transfer,99.47,4729.26,0,3,No
C000386,0,22,Month-to-month,Fiber optic,Yes,Yes,Bank transfer,69.83,1623.16,0,1,Yes
C000387,0,5,Two year,No internet,No,No,Electronic check,48.05,235.79,3,1,No
C000388,1,17,One year,Fiber optic,Yes,Yes,Electronic check,21.0,382.9,0,0,No
C000389,0,23,Two year,DSL,No,Yes,Electronic check,54.45,1252.38,1,1,No
C000390,1,15,One year,DSL,No,No,Bank transfer,79.43,1189.68,1,1,No
C000391,0,32,One year,Fiber optic,No,Yes,Credit card,80.35,2691.94,1,0,No
C000392,0,16,Two year,Fiber optic,No,Yes,Bank transfer,76.11,1165.36,2,0,No
C000393,0,2,One year,No internet,Yes,Yes,Credit card,48.09,87.28,4,0,No
C000394,0,28,One year,Fiber optic,No,No,Electronic check,79.17,2199.47,2,1,Yes
C000395,0,17,Month-to-month,Fiber optic,Yes,No,Electronic check,62.01,1111.38,2,1,No
C000396,1,30,Month-to-month,Fiber optic,Yes,Yes,Mailed check,88.56,2612.5,2,0,Yes
C000397,0,8,One year,DSL,No,Yes,Electronic check,72.6,612.36,0,0,No
C000398,0,62,Month-to-month,DSL,No,Yes,Electronic check,85.86,5719.36,1,0,No
C000399,0,17,Two year,Fiber optic,No,Yes,Electronic check,74.62,1243.89,1,0,Yes
C000400,1,18,One year,Fiber optic,No,Yes,Electronic check,54.02,974.21,0,1,No
C000401,0,20,Month-to-month,No internet,No,No,Bank transfer,96.24,1911.7,0,2,No
C000402,0,26,Two year,DSL,Yes,No,Bank transfer,39.56,1070.64,1,1,No
C000403,1,50,Month-to-month,No internet,Yes,Yes,Credit card,83.24,4291.73,1,1,No
C000404,0,29,Month-to-month,DSL,Yes,Yes,Credit card,54.82,1610.51,0,0,No
C000405,0,10,Month-to-month,Fiber optic,No,Yes,Electronic check,56.75,615.31,2,0,Yes
C000406,0,24,Two year,Fiber optic,No,No,Credit card,73.09,1799.09,1,1,No
C000407,0,23,One year,DSL,Yes,Yes,Bank transfer,52.82,1237.92,1,1,No
C000408,0,2,Two year,No internet,No,Yes,Bank transfer,40.06,76.73,1,0,No
C000409,0,10,Month-to-month,No internet,No,No,Credit card,42.46,427.34,0,1,Yes
C000410,0,16,Two year,No internet,No,Yes,Mailed check,37.38,647.47,0,0,No
C000411,0,23,One year,DSL,No,No,Electronic check,66.82,1605.44,1,0,No
C000412,0,56,One year,Fiber optic,No,Yes,Electronic check,74.19,4192.57,1,0,No
C000413,0,14,Two year,Fiber optic,No,No,Electronic check,63.98,892.7,1,2,No
C000414,0,10,Month-to-month,No internet,Yes,Yes,Bank transfer,26.47,250.56,0,1,No
C000415,0,35,Month-to-month,DSL,No,No,Bank transfer,69.55,2333.61,2,1,No
C000416,1,18,One year,DSL,Yes,Yes,Bank transfer,90.27,1728.98,0,1,No
C000417,0,22,Two year,No internet,Yes,No,Electronic check,37.08,819.09,0,1,No
C000418,0,8,Month-to-month,DSL,No,No,Electronic check,43.18,348.14,0,0,No
C000419,1,2,One year,DSL,Yes,Yes,Bank transfer,89.47,193.02,0,0,No
C000420,0,26,Month-to-month,DSL,No,Yes,Bank transfer,61.85,1572.2,2,1,Yes
C000421,0,16,One year,Fiber optic,No,Yes,Mailed check,93.68,1459.71,2,0,No
C000422,0,21,One year,Fiber optic,No,Yes,Electronic check,57.59,1316.0,1,0,No
C000423,0,18,Month-to-month,Fiber optic,Yes,Yes,Electronic check,29.6,554.28,1,3,Yes
C000424,0,19,One year,No internet,Yes,No,Bank transfer,65.14,1123.53,1,1,No
C000425,0,9,Month-to-month,DSL,No,Yes,Bank transfer,64.78,584.14,1,1,No
C000426,0,55,Two year,No internet,Yes,Yes,Electronic check,73.67,3873.34,0,1,No
C000427,0,72,Month-to-month,No internet,No,Yes,Credit card,44.53,3117.92,0,0,No
C000428,0,17,Month-to-month,No internet,Yes,No,Electronic check,54.42,914.79,1,2,No
C000429,1,23,One year,Fiber optic,Yes,Yes,Electronic check,118.0,2455.7,2,1,Yes
C000430,0,18,Month-to-month,Fiber optic,Yes,Yes,Mailed check,51.99,898.1,1,0,No
C000431,0,34,One year,DSL,No,No,Credit card,106.51,4026.33,0,2,No
C000432,0,48,Month-to-month,No internet,No,Yes,Bank transfer,37.52,1784.18,1,1,No
C000433,0,30,One year,Fiber optic,Yes,No,Bank transfer,72.01,2104.83,2,1,No
C000434,0,7,One year,Fiber optic,Yes,Yes,Credit card,75.64,561.48,1,0,No
C000435,0,31,Two year,Fiber optic,No,Yes,Mailed check,88.36,2523.47,0,0,No
C000436,0,36,Month-to-month,Fiber optic,No,No,Electronic check,66.06,2352.54,1,1,Yes
C000437,0,34,Month-to-month,Fiber optic,Yes,Yes,Mailed check,49.69,1825.1,0,1,Yes
C000438,0,6,One year,Fiber optic,Yes,Yes,Bank transfer,68.86,414.59,0,0,No
C000439,1,14,One year,Fiber optic,No,Yes,Electronic check,28.5,408.33,3,0,Yes
C000440,0,28,Month-to-month,Fiber optic,No,No,Electronic check,18.0,498.95,1,1,Yes
C000441,0,63,One year,Fiber optic,No,Yes,Bank transfer,26.88,1734.09,1,0,No
C000442,1,20,Month-to-month,DSL,No,No,Credit card,106.12,2218.29,2,1,No
C000443,0,9,Month-to-month,No internet,Yes,Yes,Credit card,87.43,781.44,0,0,No
C000444,0,30,Two year,No internet,No,No,Mailed check,113.14,3426.57,3,0,No
C000445,0,14,Month-to-month,Fiber optic,Yes,Yes,Mailed check,78.72,1122.13,1,2,Yes
C000446,0,15,Month-to-month,DSL,Yes,Yes,Credit card,28.9,385.63,2,2,No
C000447,0,12,One year,DSL,Yes,Yes,Credit card,40.96,519.95,2,0,No
C000448,0,38,One year,No internet,No,Yes,Mailed check,74.11,3132.04,1,2,No
C000449,0,31,One year,No internet,Yes,No,Credit card,44.99,1467.94,1,1,No
C000450,0,20,Two year,DSL,No,Yes,Bank transfer,42.04,855.67,2,1,No
C000451,0,6,Month-to-month,Fiber optic,Yes,No,Electronic check,38.63,227.51,0,2,No
C000452,0,9,One year,DSL,No,Yes,Mailed check,46.8,431.88,1,0,No
C000453,0,13,Two year,Fiber optic,No,Yes,Electronic check,18.0,262.24,3,3,No
C000454,0,4,One year,Fiber optic,No,No,Mailed check,76.89,336.03,1,0,No
C000455,0,33,One year,Fiber optic,No,Yes,Mailed check,47.84,1519.3,1,0,No
C000456,0,35,Month-to-month,No internet,Yes,Yes,Credit card,98.22,3763.75,1,0,No
C000457,0,13,One year,No internet,No,No,Electronic check,108.17,1353.3,1,0,No
C000458,0,21,Month-to-month,DSL,Yes,Yes,Bank transfer,64.4,1305.9,1,0,No
C000459,0,15,One year,Fiber optic,Yes,No,Bank transfer,92.68,1383.92,3,2,No
C000460,0,23,Month-to-month,Fiber optic,Yes,Yes,Mailed check,94.05,2253.07,1,0,No
C000461,0,28,Month-to-month,DSL,No,No,Bank transfer,71.44,1981.82,1,2,No
C000462,0,23,One year,DSL,Yes,Yes,Mailed check,61.63,1507.79,0,2,No
C000463,0,30,Month-to-month,Fiber optic,No,No,Bank transfer,98.62,3025.5,1,1,Yes
C000464,0,12,Month-to-month,No internet,No,Yes,Mailed check,82.91,1092.58,1,1,Yes
C000465,0,10,Two year,Fiber optic,Yes,No,Credit card,61.55,567.41,0,0,No
C000466,0,30,Month-to-month,DSL,Yes,Yes,Electronic check,53.42,1620.73,1,2,No
C000467,0,37,Two year,DSL,Yes,No,Credit card,66.24,2558.91,1,1,No
C000468,0,40,One year,No internet,Yes,No,Bank transfer,89.89,3941.45,1,1,No
C000469,1,6,Month-to-month,Fiber optic,Yes,Yes,Electronic check,83.59,441.46,2,1,Yes
C000470,0,51,One year,Fiber optic,No,Yes,Bank transfer,51.18,2585.79,3,1,No
C000471,0,10,Month-to-month,Fiber optic,Yes,Yes,Mailed check,62.32,552.64,2,0,No
C000472,0,13,Month-to-month,No internet,No,No,Mailed check,70.34,942.37,2,1,No
C000473,0,33,Two year,Fiber optic,No,Yes,Mailed check,55.77,1787.99,0,1,No
C000474,1,49,One year,Fiber optic,No,No,Bank transfer,63.95,3209.75,1,1,No
C000475,0,13,One year,DSL,Yes,No,Mailed check,41.45,573.84,1,2,No
C000476,0,17,One year,Fiber optic,No,Yes,Bank transfer,45.73,821.43,1,0,No
C000477,0,13,One year,DSL,No,Yes,Electronic check,73.43,947.57,2,2,No
C000478,0,23,One year,DSL,No,No,Electronic check,72.19,1729.51,2,1,Yes
C000479,0,21,Month-to-month,Fiber optic,Yes,No,Bank transfer,58.47,1460.66,2,1,No
C000480,0,27,Month-to-month,No internet,No,Yes,Credit card,120.92,3186.97,1,0,No
C000481,0,11,Month-to-month,DSL,No,No,Electronic check,61.9,707.5,2,0,Yes
C000482,1,7,Month-to-month,DSL,Yes,No,Credit card,83.86,572.92,1,3,Yes
C000483,0,24,Month-to-month,DSL,No,No,Mailed check,73.24,1855.04,0,0,No
C000484,0,56,Two year,Fiber optic,No,No,Bank transfer,54.28,2910.91,3,0,No
C000485,0,14,Month-to-month,Fiber optic,No,No,Electronic check,83.48,1217.03,1,0,Yes
C000486,0,52,Month-to-month,DSL,No,Yes,Bank transfer,93.92,4479.69,1,0,No
C000487,0,24,Month-to-month,Fiber optic,Yes,No,Mailed check,66.55,1624.44,1,1,Yes
C000488,0,39,One year,Fiber optic,No,No,Credit card,78.87,3553.8,2,0,No
C000489,0,22,Two year,DSL,Yes,Yes,Electronic check,130.0,2681.89,1,2,No
C000490,0,72,Two year,Fiber optic,No,Yes,Electronic check,44.0,3075.62,1,0,No
C000491,0,16,Month-to-month,DSL,Yes,No,Bank transfer,61.14,1037.46,2,1,Yes
C000492,0,5,Month-to-month,DSL,Yes,No,Electronic check,80.69,379.35,0,1,No
C000493,0,20,Two year,No internet,No,Yes,Credit card,66.35,1150.22,1,1,No
C000494,1,29,Month-to-month,DSL,No,Yes,Bank transfer,45.79,1204.61,0,0,No
C000495,0,28,One year,DSL,No,No,Credit card,54.15,1542.55,1,2,No
C000496,0,33,Month-to-month,Fiber optic,No,Yes,Electronic check,60.51,2139.19,0,1,No
C000497,1,53,Two year,Fiber optic,Yes,No,Bank transfer,59.5,3189.21,2,0,No
C000498,0,35,Month-to-month,DSL,Yes,Yes,Electronic check,67.68,2391.93,0,0,No
C000499,0,20,Month-to-month,No internet,No,No,Electronic check,106.27,2274.72,1,3,Yes
C000500,0,27,Month-to-month,DSL,Yes,No,Mailed check,72.05,1952.32,0,0,No
C000501,1,12,Month-to-month,Fiber optic,No,Yes,Mailed check,56.93,741.84,4,1,Yes
C000502,1,14,Two year,No internet,Yes,Yes,Bank transfer,83.77,1283.66,1,1,No
C000503,1,18,Two year,No internet,No,Yes,Mailed check,82.63,1468.08,0,0,No
C000504,0,66,Month-to-month,No internet,Yes,Yes,Electronic check,39.58,2826.05,1,0,No
C000505,1,13,One year,Fiber optic,No,Yes,Bank transfer,51.12,696.38,1,0,Yes
C000506,0,31,Month-to-month,Fiber optic,Yes,No,Electronic check,38.95,1205.69,1,1,Yes
C000507,0,39,Month-to-month,No internet,No,No,Electronic check,74.79,2930.66,3,1,No
C000508,0,37,Month-to-month,DSL,Yes,Yes,Credit card,88.02,3485.59,2,1,No
C000509,0,9,Month-to-month,No internet,Yes,Yes,Bank transfer,60.88,510.74,0,1,No
C000510,0,27,Month-to-month,DSL,No,Yes,Bank transfer,97.44,2396.4,1,1,Yes
C000511,0,33,One year,Fiber optic,No,Yes,Credit card,52.09,1848.55,1,1,No
C000512,0,11,One year,DSL,No,No,Credit card,58.45,721.75,2,1,No
C000513,0,3,Month-to-month,DSL,No,No,Electronic check,64.76,198.64,0,1,No
C000514,0,5,One year,DSL,No,No,Credit card,71.07,379.38,1,0,No
C000515,0,17,Two year,No internet,No,Yes,Mailed check,108.07,1668.4,4,1,No
C000516,1,10,Month-to-month,DSL,Yes,No,Bank transfer,38.64,357.97,4,1,Yes
C000517,0,13,Month-to-month,No internet,Yes,Yes,Electronic check,80.58,1019.01,0,3,Yes
C000518,0,22,One year,DSL,Yes,Yes,Mailed check,68.46,1482.15,0,0,No
C000519,0,45,Month-to-month,DSL,Yes,No,Bank transfer,96.05,4386.76,2,0,No
C000520,0,17,One year,DSL,No,Yes,Electronic check,33.07,549.12,2,0,No
C000521,0,12,Month-to-month,No internet,Yes,Yes,Bank transfer,37.51,450.58,3,0,No
C000522,0,26,One year,DSL,Yes,Yes,Electronic check,109.22,2821.85,2,1,No
C000523,0,45,Month-to-month,No internet,Yes,Yes,Bank transfer,98.04,4596.77,0,0,No
C000524,0,14,Month-to-month,DSL,Yes,No,Bank transfer,93.54,1400.31,2,0,No
C000525,0,22,Month-to-month,No internet,Yes,Yes,Bank transfer,63.47,1477.08,2,2,No
C000526,0,37,One year,Fiber optic,Yes,Yes,Electronic check,93.11,3751.16,3,0,Yes
C000527,1,6,Month-to-month,DSL,No,No,Bank transfer,66.83,398.46,0,1,No
C000528,1,11,Two year,Fiber optic,Yes,No,Mailed check,39.34,423.09,3,1,No
C000529,1,16,Month-to-month,DSL,Yes,Yes,Bank transfer,63.11,901.18,1,1,Yes
C000530,0,22,Month-to-month,Fiber optic,No,Yes,Bank transfer,59.89,1191.63,2,0,No
C000531,0,60,Month-to-month,DSL,No,No,Mailed check,40.55,,0,1,No
C000532,0,38,Month-to-month,Fiber optic,No,No,Bank transfer,52.17,2048.73,1,2,No
C000533,0,57,Month-to-month,Fiber optic,Yes,No,Electronic check,49.13,2820.01,1,0,No
C000534,0,44,One year,DSL,No,Yes,Credit card,79.56,3450.06,1,2,No
C000535,1,15,One year,DSL,No,No,Credit card,90.86,1268.07,0,0,No
C000536,0,6,Month-to-month,No internet,No,No,Credit card,94.43,494.3,1,2,Yes
C000537,0,34,Month-to-month,DSL,Yes,Yes,Credit card,93.94,3094.83,2,0,Yes
C000538,0,3,Month-to-month,DSL,No,Yes,Mailed check,39.82,,3,1,Yes
C000539,1,16,One year,DSL,Yes,No,Credit card,80.84,1098.77,0,1,No
C000540,0,25,Month-to-month,Fiber optic,No,No,Bank transfer,86.84,2351.64,2,0,Yes
C000541,0,55,Two year,Fiber optic,No,Yes,Electronic check,76.83,4070.13,4,3,No
C000542,0,5,One year,Fiber optic,No,Yes,Mailed check,42.93,221.08,2,0,No
C000543,1,27,One year,DSL,No,Yes,Credit card,18.0,525.98,1,1,No
C000544,0,56,One year,DSL,No,No,Bank transfer,70.42,4314.54,0,0,No
C000545,0,15,One year,Fiber optic,Yes,No,Credit card,45.72,675.72,0,0,No
C000546,1,4,Month-to-month,DSL,Yes,Yes,Electronic check,88.9,377.64,0,2,No
C000547,0,21,Month-to-month,DSL,Yes,No,Credit card,29.6,657.93,0,1,No
C000548,0,33,Month-to-month,Fiber optic,No,No,Credit card,80.12,2663.16,5,2,Yes
C000549,0,23,Month-to-month,DSL,No,Yes,Mailed check,55.6,1308.4,3,0,No
C000550,1,19,Month-to-month,Fiber optic,No,Yes,Credit card,33.24,600.45,0,0,No
C000551,0,40,Month-to-month,DSL,Yes,Yes,Electronic check,55.16,2249.28,2,1,No
C000552,0,33,One year,DSL,Yes,Yes,Mailed check,62.64,1992.56,2,0,No
C000553,0,13,Month-to-month,Fiber optic,Yes,No,Electronic check,87.22,1123.03,1,3,Yes
C000554,0,17,Month-to-month,DSL,No,No,Bank transfer,86.4,1483.38,1,1,Yes
C000555,0,5,Month-to-month,No internet,No,Yes,Credit card,97.38,516.36,0,0,No
C000556,0,52,Month-to-month,Fiber optic,Yes,No,Credit card,85.31,4388.64,2,2,Yes
C000557,0,10,Two year,Fiber optic,No,Yes,Electronic check,54.97,542.85,0,1,Yes
C000558,0,56,Month-to-month,Fiber optic,No,Yes,Bank transfer,55.43,3036.8,4,1,Yes
C000559,0,29,Month-to-month,No internet,No,Yes,Bank transfer,70.39,2385.39,4,2,No
C000560,0,22,Month-to-month,DSL,Yes,Yes,Electronic check,57.72,1242.3,0,2,Yes
C000561,0,12,Month-to-month,No internet,No,Yes,Credit card,25.08,310.57,2,0,No
C000562,0,37,Month-to-month,No internet,No,Yes,Mailed check,18.0,607.92,1,0,No
C000563,0,23,Month-to-month,DSL,Yes,No,Electronic check,85.37,1976.45,2,1,No
C000564,0,8,Month-to-month,DSL,Yes,No,Mailed check,69.23,515.68,3,2,Yes
C000565,0,19,Month-to-month,Fiber optic,Yes,Yes,Bank transfer,115.71,2131.53,2,0,No
C000566,0,14,One year,DSL,No,Yes,Credit card,53.59,786.64,1,0,No
C000567,0,9,Month-to-month,DSL,No,Yes,Electronic check,92.37,920.78,1,2,No
C000568,0,16,One year,DSL,No,No,Bank transfer,70.03,1135.97,2,1,No
C000569,1,10,Month-to-month,Fiber optic,No,Yes,Electronic check,78.51,816.69,0,2,Yes
C000570,1,9,Month-to-month,No internet,Yes,Yes,Credit card,68.06,621.26,3,0,No
C000571,1,6,Two year,No internet,No,No,Electronic check,93.97,550.73,1,0,No
C000572,0,16,Month-to-month,Fiber optic,No,No,Credit card,79.21,1278.18,3,0,Yes
C000573,0,15,Two year,Fiber optic,No,No,Bank transfer,54.51,868.7,2,1,No
C000574,0,8,Two year,No internet,Yes,Yes,Bank transfer,63.71,517.73,2,1,No
C000575,1,31,One year,Fiber optic,No,Yes,Bank transfer,60.55,1840.53,2,0,No
C000576,0,42,Month-to-month,No internet,No,No,Mailed check,68.33,2797.87,1,2,No
C000577,0,29,One year,Fiber optic,Yes,No,Mailed check,71.98,2155.39,1,1,No
C000578,0,4,One year,Fiber optic,No,Yes,Electronic check,55.59,218.74,0,1,No
C000579,0,17,One year,Fiber optic,Yes,Yes,Electronic check,51.86,934.0,0,0,No
C000580,0,23,Month-to-month,DSL,No,Yes,Electronic check,66.09,1396.4,0,2,Yes
C000581,0,27,Two year,DSL,Yes,Yes,Electronic check,21.91,620.9,2,2,No
C000582,0,48,Two year,DSL,No,Yes,Bank transfer,76.45,3501.92,0,0,No
C000583,0,27,Month-to-month,No internet,Yes,Yes,Bank transfer,75.62,2039.68,1,3,No
C000584,0,22,Month-to-month,No internet,No,No,Bank transfer,18.0,448.06,3,1,Yes
C000585,0,34,Month-to-month,Fiber optic,No,Yes,Mailed check,38.9,1410.56,2,0,No
C000586,0,26,Two year,DSL,No,Yes,Credit card,65.73,1662.07,1,0,No
C000587,0,32,Two year,DSL,No,Yes,Credit card,18.0,564.75,0,1,No
C000588,0,46,Two year,Fiber optic,Yes,No,Electronic check,77.2,3756.45,0,1,No
C000589,0,13,One year,Fiber optic,No,No,Bank transfer,90.91,1253.38,1,0,No
C000590,0,8,One year,DSL,No,Yes,Credit card,78.06,625.77,0,1,No
C000591,0,16,One year,DSL,No,No,Electronic check,89.85,1508.08,2,1,No
C000592,0,70,One year,Fiber optic,Yes,Yes,Bank transfer,63.61,4356.92,1,1,No
C000593,0,25,Two year,Fiber optic,No,Yes,Bank transfer,87.6,1834.11,1,1,Yes
C000594,0,23,One year,DSL,Yes,No,Bank transfer,83.74,2060.46,3,2,No
C000595,0,22,Month-to-month,DSL,No,Yes,Bank transfer,63.04,1350.91,1,0,No
C000596,0,19,Month-to-month,DSL,Yes,Yes,Bank transfer,68.39,1351.2,3,0,No
C000597,0,17,Month-to-month,Fiber optic,No,Yes,Mailed check,24.55,414.55,1,2,Yes
C000598,0,12,One year,Fiber optic,Yes,Yes,Credit card,32.36,383.09,2,1,Yes
C000599,1,36,One year,Fiber optic,No,No,Bank transfer,91.44,3126.86,2,3,No
C000600,0,21,Month-to-month,No internet,Yes,No,Electronic check,92.16,2031.98,2,0,Yes
C000601,0,53,Two year,Fiber optic,Yes,No,Bank transfer,45.67,2552.28,3,0,No
C000602,1,13,One year,DSL,No,No,Bank transfer,27.83,390.77,1,0,No
C000603,0,11,Month-to-month,Fiber optic,No,Yes,Credit card,18.0,207.17,3,1,Yes
C000604,0,27,Month-to-month,No internet,No,No,Bank transfer,95.06,2643.66,3,0,No
C000605,0,16,Month-to-month,No internet,No,Yes,Mailed check,74.72,1162.5,0,1,No
C000606,0,18,Month-to-month,DSL,Yes,No,Mailed check,113.98,2065.27,0,0,No
C000607,0,25,Month-to-month,DSL,Yes,No,Mailed check,97.94,2521.69,0,1,No
C000608,0,30,Month-to-month,Fiber optic,No,Yes,Electronic check,116.99,2994.7,1,3,Yes
C000609,0,5,Two year,No internet,No,No,Bank transfer,86.95,405.88,1,0,No
C000610,0,10,Month-to-month,Fiber optic,Yes,Yes,Credit card,52.06,516.93,1,0,No
C000611,0,15,Two year,Fiber optic,No,Yes,Bank transfer,57.6,909.96,0,0,No
C000612,0,27,One year,DSL,Yes,Yes,Electronic check,93.95,2761.5,0,0,No
C000613,0,27,Two year,No internet,No,No,Electronic check,30.36,907.59,0,0,No
C000614,0,10,Month-to-month,DSL,No,No,Credit card,80.35,769.6,1,1,No
C000615,0,22,Month-to-month,Fiber optic,Yes,Yes,Electronic check,55.71,1235.26,1,0,No
C000616,0,25,One year,Fiber optic,Yes,Yes,Bank transfer,98.34,2390.73,0,1,No
C000617,0,10,Month-to-month,No internet,Yes,No,Credit card,52.1,497.28,1,1,Yes
C000618,0,40,Month-to-month,No internet,No,No,Credit card,47.66,1872.36,1,0,No
C000619,0,4,One year,Fiber optic,No,Yes,Bank transfer,90.04,363.95,0,2,No
C000620,0,15,One year,DSL,Yes,Yes,Credit card,18.0,284.24,2,1,No
C000621,0,18,Month-to-month,No internet,Yes,Yes,Mailed check,92.73,1525.12,2,1,Yes
C000622,1,30,Month-to-month,Fiber optic,No,Yes,Credit card,73.38,2191.53,1,1,No
C000623,0,29,Two year,DSL,Yes,No,Bank transfer,51.0,1394.87,2,1,No
C000624,0,62,Month-to-month,DSL,Yes,Yes,Electronic check,82.66,5578.12,0,0,No
C000625,0,9,One year,No internet,Yes,Yes,Credit card,53.87,536.62,1,0,No
C000626,0,19,Month-to-month,No internet,Yes,No,Electronic check,81.69,1512.84,4,1,No
C000627,0,8,Two year,Fiber optic,No,Yes,Credit card,68.28,524.56,1,2,No
C000628,0,29,Month-to-month,Fiber optic,Yes,No,Electronic check,84.98,2564.54,0,1,No
C000629,0,25,Month-to-month,Fiber optic,No,No,Bank transfer,42.07,1116.14,2,0,No
C000630,1,25,Month-to-month,No internet,Yes,Yes,Electronic check,49.08,1157.18,0,1,No
C000631,0,22,One year,Fiber optic,No,Yes,Mailed check,112.25,2413.0,3,2,No
C000632,0,52,Two year,Fiber optic,No,No,Mailed check,73.72,3907.82,1,1,No
C000633,1,72,Month-to-month,No internet,No,Yes,Credit card,61.42,4153.39,1,1,No
C000634,0,9,Month-to-month,Fiber optic,No,No,Electronic check,43.24,425.63,1,0,Yes
C000635,0,11,One year,Fiber optic,No,No,Bank transfer,52.88,584.85,3,1,No
C000636,1,21,One year,DSL,No,No,Credit card,71.84,1518.86,2,0,No
C000637,0,26,Month-to-month,Fiber optic,No,No,Electronic check,35.56,861.99,3,1,No
C000638,0,23,One year,No internet,Yes,Yes,Bank transfer,64.83,1605.85,2,0,No
C000639,1,25,Month-to-month,No internet,No,Yes,Electronic check,59.44,1368.94,0,0,No
C000640,0,24,Two year,DSL,No,No,Credit card,18.0,414.19,2,1,No
C000641,0,51,Month-to-month,DSL,Yes,Yes,Credit card,66.14,3259.73,1,0,No
C000642,0,17,One year,Fiber optic,No,No,Electronic check,96.57,1632.7,0,0,No
C000643,0,68,One year,No internet,Yes,No,Credit card,54.98,3422.98,1,0,No
C000644,0,50,One year,DSL,No,No,Mailed check,60.53,2891.22,2,0,No
C000645,0,23,Month-to-month,Fiber optic,Yes,No,Electronic check,72.38,1728.33,3,1,No
C000646,1,36,One year,DSL,Yes,Yes,Credit card,50.77,1827.58,1,0,No
C000647,0,26,One year,No internet,Yes,No,Mailed check,22.14,581.23,1,0,No
C000648,0,10,Month-to-month,Fiber optic,No,No,Electronic check,66.63,707.26,2,0,Yes
C000649,0,8,Month-to-month,DSL,Yes,Yes,Electronic check,54.68,450.38,1,0,No
C000650,0,17,Two year,Fiber optic,No,No,Credit card,49.65,897.58,1,0,No
C000651,0,29,One year,DSL,No,Yes,Credit card,100.67,2930.62,0,1,No
C000652,0,17,Month-to-month,Fiber optic,No,Yes,Mailed check,68.63,1106.47,2,1,No
C000653,0,59,One year,DSL,No,Yes,Mailed check,47.16,3068.28,3,2,No
C000654,0,45,Month-to-month,DSL,Yes,No,Bank transfer,48.64,1968.77,1,2,No
C000655,0,8,Month-to-month,DSL,Yes,No,Credit card,105.79,777.95,3,0,No
C000656,0,8,Two year,DSL,Yes,Yes,Electronic check,86.18,643.07,1,0,No
C000657,0,27,Month-to-month,Fiber optic,Yes,No,Credit card,21.26,657.44,2,1,No
C000658,0,29,Month-to-month,DSL,No,Yes,Credit card,81.04,2366.99,0,0,No
C000659,0,17,Month-to-month,Fiber optic,No,Yes,Mailed check,53.39,969.06,0,1,Yes
C000660,0,10,Month-to-month,No internet,No,Yes,Mailed check,51.22,465.05,0,2,Yes
C000661,1,21,Month-to-month,Fiber optic,Yes,No,Credit card,94.02,1847.61,0,1,No
C000662,0,17,Month-to-month,DSL,No,Yes,Mailed check,83.83,1455.72,2,0,No
C000663,0,9,Month-to-month,No internet,No,Yes,Mailed check,44.59,391.01,2,2,No
C000664,1,6,Month-to-month,DSL,No,Yes,Credit card,65.41,396.1,1,4,Yes
C000665,0,10,Month-to-month,DSL,Yes,No,Mailed check,81.86,850.49,0,0,No
C000666,0,72,Month-to-month,Fiber optic,No,Yes,Bank transfer,62.89,4564.14,1,0,No
C000667,0,4,One year,Fiber optic,No,Yes,Electronic check,76.27,307.43,2,0,Yes
C000668,0,6,Two year,DSL,No,No,Bank transfer,48.37,294.65,4,1,No
C000669,0,15,Month-to-month,Fiber optic,No,No,Mailed check,98.3,1459.69,2,1,Yes
C000670,0,21,One year,Fiber optic,No,No,Credit card,102.32,2194.45,1,3,Yes
C000671,1,18,Month-to-month,Fiber optic,Yes,Yes,Mailed check,49.32,942.05,0,1,Yes
C000672,0,36,Month-to-month,DSL,No,Yes,Credit card,30.25,1030.69,1,1,Yes
C000673,0,17,Month-to-month,Fiber optic,No,Yes,Mailed check,54.03,936.24,4,1,Yes
C000674,0,32,Two year,Fiber optic,No,No,Credit card,87.62,2961.65,0,0,No
C000675,0,65,Month-to-month,DSL,Yes,Yes,Mailed check,71.08,4579.05,0,0,No
C000676,0,53,Two year,Fiber optic,No,No,Bank transfer,64.51,3409.29,1,1,No
C000677,0,4,Month-to-month,Fiber optic,Yes,Yes,Electronic check,70.44,313.97,1,0,Yes
C000678,1,25,One year,Fiber optic,No,No,Bank transfer,28.78,770.25,0,0,No
C000679,0,9,Two year,Fiber optic,Yes,Yes,Bank transfer,64.79,665.45,0,1,No
C000680,0,13,Two year,No internet,Yes,Yes,Electronic check,63.3,918.1,0,0,No
C000681,0,16,Month-to-month,Fiber optic,No,Yes,Mailed check,50.02,786.55,0,1,No
C000682,0,23,Month-to-month,DSL,No,No,Credit card,85.75,1895.44,2,2,No
C000683,0,5,Month-to-month,No internet,Yes,Yes,Electronic check,49.43,243.59,1,0,No
C000684,0,24,One year,DSL,Yes,No,Mailed check,49.83,1262.3,1,2,No
C000685,0,9,Month-to-month,No internet,No,No,Credit card,83.46,598.39,3,0,Yes
C000686,0,9,Month-to-month,Fiber optic,Yes,No,Mailed check,81.79,740.52,1,0,Yes
C000687,0,32,Two year,Fiber optic,Yes,Yes,Electronic check,67.72,2331.9,1,0,No
C000688,0,46,Month-to-month,No internet,No,Yes,Mailed check,71.71,3318.47,1,0,No
C000689,0,9,Month-to-month,Fiber optic,Yes,No,Mailed check,75.72,697.09,0,0,Yes
C000690,0,5,Two year,No internet,No,Yes,Credit card,74.37,367.86,2,1,No
C000691,0,42,Month-to-month,No internet,No,Yes,Bank transfer,41.32,1565.91,2,0,No
C000692,0,8,Month-to-month,DSL,No,No,Credit card,86.88,737.1,0,0,No
C000693,0,55,Month-to-month,Fiber optic,Yes,No,Mailed check,116.48,6317.56,1,1,No
C000694,0,23,Month-to-month,Fiber optic,Yes,Yes,Credit card,75.61,1794.57,4,2,Yes
C000695,0,17,Month-to-month,DSL,No,Yes,Credit card,59.32,1013.14,1,1,No
C000696,0,15,One year,Fiber optic,No,Yes,Electronic check,95.42,1604.71,1,2,Yes
C000697,1,4,Two year,No internet,Yes,Yes,Bank transfer,81.72,337.28,3,0,No
C000698,0,22,One year,DSL,Yes,Yes,Credit card,47.14,1067.73,1,3,No
C000699,0,27,One year,DSL,No,Yes,Bank transfer,63.55,1711.89,0,2,No
C000700,0,1,Month-to-month,DSL,Yes,No,Credit card,51.53,49.17,0,2,Yes
C000701,0,21,One year,DSL,Yes,Yes,Electronic check,91.72,1979.79,0,0,No
C000702,0,14,One year,DSL,No,Yes,Bank transfer,33.03,494.27,1,1,No
C000703,0,17,One year,Fiber optic,Yes,No,Mailed check,97.45,1663.04,0,1,No
C000704,0,19,Two year,No internet,No,No,Electronic check,48.96,812.19,1,2,No
C000705,1,27,One year,Fiber optic,No,No,Credit card,73.45,1896.92,1,2,Yes
C000706,0,17,Month-to-month,Fiber optic,Yes,No,Mailed check,55.04,1048.29,1,1,No
C000707,0,29,One year,DSL,Yes,Yes,Bank transfer,75.59,2125.62,1,1,No
C000708,0,8,Month-to-month,DSL,No,No,Credit card,95.12,772.03,2,0,Yes
C000709,0,21,Month-to-month,No internet,No,Yes,Bank transfer,81.74,1525.41,1,0,No
C000710,1,6,One year,DSL,No,No,Electronic check,35.46,206.11,0,1,No
C000711,0,9,Two year,No internet,No,No,Electronic check,59.5,509.53,1,1,No
C000712,0,12,Month-to-month,DSL,No,Yes,Credit card,69.38,875.43,1,0,Yes
C000713,0,37,Month-to-month,Fiber optic,Yes,Yes,Bank transfer,113.22,4362.24,1,0,No
C000714,0,7,One year,Fiber optic,Yes,Yes,Electronic check,53.12,385.44,1,0,No
C000715,0,7,Month-to-month,DSL,Yes,Yes,Electronic check,55.92,416.74,0,2,No
C000716,0,17,Month-to-month,DSL,No,Yes,Mailed check,46.55,771.04,1,1,No
C000717,0,18,Month-to-month,Fiber optic,No,No,Electronic check,64.67,1287.42,2,0,Yes
C000718,0,9,Month-to-month,DSL,Yes,Yes,Credit card,82.58,734.94,1,1,Yes
C000719,0,18,One year,DSL,Yes,Yes,Electronic check,41.11,783.63,2,0,No
C000720,0,30,One year,DSL,No,Yes,Credit card,101.24,3434.82,1,0,No
C000721,0,44,Month-to-month,DSL,Yes,Yes,Bank transfer,97.68,4178.51,2,0,No
C000722,1,14,Two year,Fiber optic,Yes,Yes,Bank transfer,86.21,1238.57,1,0,No
C000723,0,56,Two year,DSL,Yes,No,Bank transfer,81.68,4556.86,2,1,No
C000724,0,2,Month-to-month,DSL,No,No,Bank transfer,127.4,257.67,1,0,No
C000725,0,27,Month-to-month,Fiber optic,No,Yes,Electronic check,39.4,1086.99,2,1,No
C000726,1,31,Month-to-month,Fiber optic,No,No,Mailed check,52.18,1616.18,1,1,No
C000727,0,38,Two year,DSL,Yes,Yes,Electronic check,120.08,4582.97,0,0,No
C000728,0,14,Two year,No internet,No,No,Electronic check,35.19,515.4,0,0,No
C000729,1,40,Month-to-month,Fiber optic,Yes,Yes,Credit card,73.89,2730.2,0,0,No
C000730,0,12,Month-to-month,No internet,Yes,No,Credit card,61.68,709.84,0,1,No
C000731,0,50,Month-to-month,DSL,No,No,Bank transfer,42.49,2068.22,1,3,Yes
C000732,0,35,Month-to-month,DSL,Yes,Yes,Electronic check,42.17,1358.75,2,0,No
C000733,1,19,Two year,DSL,No,Yes,Bank transfer,60.61,1179.41,2,1,No
C000734,0,16,Month-to-month,No internet,No,No,Bank transfer,72.8,,0,1,Yes
C000735,0,19,Month-to-month,Fiber optic,Yes,No,Mailed check,78.37,1417.14,2,0,No
C000736,0,29,Month-to-month,No internet,Yes,Yes,Mailed check,80.9,2161.65,2,0,No
C000737,0,59,Month-to-month,Fiber optic,No,Yes,Bank transfer,67.75,3797.28,1,0,No
C000738,1,57,One year,DSL,No,No,Electronic check,66.8,3921.0,2,1,No
C000739,0,9,Month-to-month,Fiber optic,Yes,No,Mailed check,81.36,678.71,0,0,No
C000740,0,35,Month-to-month,DSL,No,Yes,Electronic check,50.02,1852.76,1,0,No
C000741,0,7,Month-to-month,Fiber optic,Yes,No,Mailed check,32.59,237.49,1,3,No
C000742,1,16,Two year,Fiber optic,Yes,Yes,Bank transfer,87.06,1421.75,2,1,No
C000743,0,21,One year,DSL,No,No,Mailed check,18.0,340.9,2,2,No
C000744,0,13,Month-to-month,No internet,No,Yes,Credit card,80.04,995.9,2,2,Yes
C000745,0,22,Two year,Fiber optic,Yes,No,Credit card,98.08,2300.05,2,4,No
C000746,0,5,Month-to-month,Fiber optic,No,Yes,Bank transfer,34.57,169.46,2,1,No
C000747,0,29,One year,Fiber optic,No,No,Credit card,18.0,499.65,3,2,No
C000748,1,25,Month-to-month,DSL,No,Yes,Mailed check,44.5,1067.6,2,0,Yes
C000749,0,6,Two year,Fiber optic,No,Yes,Electronic check,73.69,453.61,1,0,No
C000750,0,16,Month-to-month,Fiber optic,No,Yes,Credit card,41.61,594.24,0,1,Yes
C000751,0,17,Month-to-month,Fiber optic,No,Yes,Electronic check,91.92,1663.58,1,0,No
C000752,0,4,One year,DSL,Yes,Yes,Bank transfer,82.13,334.04,3,0,Yes
C000753,0,6,Month-to-month,DSL,No,No,Bank transfer,41.06,231.77,0,0,Yes
C000754,0,50,Month-to-month,No internet,Yes,No,Electronic check,85.26,4431.88,0,1,No
C000755,0,22,Month-to-month,Fiber optic,Yes,No,Electronic check,29.7,548.72,3,0,Yes
C000756,0,12,Month-to-month,Fiber optic,Yes,Yes,Bank transfer,54.53,607.65,1,1,Yes
C000757,0,3,Month-to-month,Fiber optic,No,Yes,Credit card,71.67,219.58,2,0,Yes
C000758,0,35,Month-to-month,No internet,No,Yes,Mailed check,99.32,3798.36,1,0,No
C000759,0,12,Month-to-month,DSL,No,Yes,Mailed check,85.84,959.1,2,2,No
C000760,0,36,Month-to-month,No internet,No,Yes,Bank transfer,103.68,3424.32,0,0,Yes
C000761,0,43,Month-to-month,DSL,No,Yes,Bank transfer,29.42,1263.24,1,0,No
C000762,0,20,One year,Fiber optic,Yes,Yes,Mailed check,130.0,2621.36,2,2,Yes
C000763,0,30,Month-to-month,DSL,No,Yes,Bank transfer,43.71,1254.45,0,1,No
C000764,0,60,Month-to-month,DSL,No,Yes,Bank transfer,72.91,4177.2,2,0,No
C000765,0,54,Month-to-month,Fiber optic,No,Yes,Credit card,105.36,6235.4,0,0,Yes
C000766,0,29,One year,Fiber optic,No,Yes,Bank transfer,78.91,2165.58,1,0,No
C000767,0,21,Month-to-month,Fiber optic,No,No,Bank transfer,96.36,1830.96,3,2,Yes
C000768,1,11,Month-to-month,Fiber optic,No,Yes,Electronic check,34.98,376.09,1,1,No
C000769,0,16,One year,No internet,No,Yes,Electronic check,37.55,649.2,0,0,No
C000770,0,11,Month-to-month,DSL,No,Yes,Credit card,54.75,628.59,1,0,No
C000771,0,2,Two year,DSL,No,Yes,Electronic check,51.66,103.29,1,1,Yes
C000772,0,39,Two year,Fiber optic,Yes,No,Mailed check,68.73,2477.2,0,2,No
C000773,1,14,Month-to-month,Fiber optic,Yes,No,Credit card,57.7,805.03,2,0,No
C000774,0,14,One year,DSL,Yes,No,Electronic check,36.49,599.95,0,0,No
C000775,1,23,Month-to-month,Fiber optic,No,No,Bank transfer,71.51,1707.95,2,0,Yes
C000776,1,25,Month-to-month,Fiber optic,No,Yes,Electronic check,30.41,809.73,1,1,No
C000777,0,24,Month-to-month,No internet,Yes,Yes,Bank transfer,48.33,1051.39,2,0,No
C000778,1,40,One year,No internet,No,Yes,Credit card,73.91,2888.74,0,0,No
C000779,1,37,Two year,No internet,No,Yes,Credit card,43.21,1547.96,0,0,No
C000780,0,34,Month-to-month,DSL,No,No,Credit card,65.4,2459.88,2,0,No
C000781,1,65,One year,No internet,No,No,Mailed check,82.38,5271.05,1,2,No
C000782,0,29,Month-to-month,Fiber optic,No,No,Mailed check,103.39,2992.31,1,1,Yes
C000783,0,72,Month-to-month,DSL,Yes,Yes,Electronic check,96.27,6741.32,0,1,No
C000784,0,14,Two year,No internet,No,Yes,Electronic check,88.25,1025.94,0,2,No
C000785,1,24,One year,DSL,No,No,Bank transfer,78.41,2014.46,0,0,No
C000786,1,24,Month-to-month,Fiber optic,No,No,Electronic check,34.1,726.45,1,3,Yes
C000787,1,9,Two year,Fiber optic,Yes,No,Credit card,44.24,384.98,2,2,No
C000788,0,24,Month-to-month,No internet,Yes,Yes,Electronic check,43.79,952.9,0,0,No
C000789,0,29,Month-to-month,Fiber optic,No,Yes,Bank transfer,52.09,1458.41,0,1,Yes
C000790,0,60,Month-to-month,No internet,No,Yes,Mailed check,62.37,3643.94,2,1,No
C000791,0,6,Two year,DSL,No,No,Bank transfer,41.7,242.86,1,0,No
C000792,0,25,Month-to-month,DSL,Yes,No,Bank transfer,54.77,1490.63,1,0,No
C000793,0,11,Two year,DSL,Yes,Yes,Electronic check,93.99,960.71,2,0,No
C000794,0,24,One year,Fiber optic,No,No,Credit card,54.66,1289.12,0,0,Yes
C000795,0,19,Month-to-month,Fiber optic,No,Yes,Bank transfer,18.0,353.63,0,1,No
C000796,0,13,One year,DSL,No,No,Bank transfer,58.6,743.94,0,1,No
C000797,0,9,Month-to-month,DSL,Yes,No,Bank transfer,62.04,541.57,2,0,No
C000798,0,14,One year,Fiber optic,Yes,Yes,Mailed check,56.64,886.89,0,3,No
C000799,0,14,One year,Fiber optic,No,No,Credit card,119.81,1758.19,1,0,No
C000800,0,23,One year,Fiber optic,No,Yes,Mailed check,89.21,1951.12,1,0,No
C000801,0,14,Two year,Fiber optic,Yes,Yes,Electronic check,108.58,1545.96,0,1,No
C000802,0,43,Month-to-month,No internet,No,Yes,Bank transfer,50.19,2044.04,1,1,Yes
C000803,0,20,Two year,Fiber optic,Yes,Yes,Credit card,84.88,1746.41,0,0,No
C000804,0,7,Month-to-month,Fiber optic,No,No,Credit card,71.97,461.08,1,1,Yes
C000805,0,9,One year,Fiber optic,Yes,Yes,Bank transfer,63.49,599.89,0,0,Yes
C000806,0,39,Two year,DSL,No,No,Mailed check,44.54,1778.87,0,1,No
C000807,1,39,Two year,DSL,Yes,Yes,Bank transfer,71.1,2833.49,0,0,No
C000808,0,12,Month-to-month,Fiber optic,Yes,No,Bank transfer,18.0,216.23,1,0,No
C000809,0,48,Month-to-month,Fiber optic,No,No,Credit card,89.83,4375.79,3,1,No
C000810,0,6,Two year,DSL,No,No,Credit card,130.0,740.15,1,0,No
C000811,0,6,Two year,Fiber optic,Yes,Yes,Bank transfer,103.18,622.17,0,0,No
C000812,0,19,Month-to-month,DSL,No,Yes,Credit card,18.0,354.71,2,1,No
C000813,0,8,Two year,No internet,Yes,Yes,Bank transfer,70.44,579.0,0,2,No
C000814,0,3,Month-to-month,Fiber optic,No,Yes,Credit card,46.56,131.98,0,0,No
C000815,1,24,Month-to-month,DSL,Yes,No,Bank transfer,50.02,1243.01,3,2,No
C000816,0,31,One year,DSL,Yes,No,Electronic check,58.71,1690.36,1,0,No
C000817,0,29,Month-to-month,DSL,Yes,No,Bank transfer,95.16,2641.18,3,2,No
C000818,0,30,Month-to-month,DSL,No,Yes,Bank transfer,83.91,,1,1,Yes
C000819,0,35,Month-to-month,Fiber optic,No,Yes,Mailed check,44.29,1494.92,0,0,No
C000820,0,25,Month-to-month,DSL,No,Yes,Electronic check,79.63,1977.68,1,0,No
C000821,0,3,Month-to-month,DSL,Yes,No,Mailed check,69.38,216.85,2,0,No
C000822,0,4,Month-to-month,Fiber optic,No,No,Credit card,116.84,497.78,1,1,Yes
C000823,0,26,One year,Fiber optic,No,Yes,Electronic check,28.43,759.9,2,0,No
C000824,0,15,One year,Fiber optic,No,No,Electronic check,62.48,896.26,3,1,No
C000825,0,19,One year,Fiber optic,No,No,Credit card,41.54,825.6,0,1,No
C000826,0,19,Two year,Fiber optic,No,No,Credit card,64.63,1301.9,3,0,No
C000827,0,13,Month-to-month,DSL,Yes,No,Credit card,18.0,223.45,0,0,No
C000828,0,57,Month-to-month,Fiber optic,Yes,No,Credit card,41.97,2222.48,3,1,No
C000829,0,9,Month-to-month,Fiber optic,No,Yes,Bank transfer,62.58,558.39,1,1,Yes
C000830,0,72,Month-to-month,DSL,No,Yes,Bank transfer,50.28,4046.04,2,2,No
C000831,0,19,One year,No internet,No,No,Bank transfer,43.05,803.59,1,2,No
C000832,0,18,Month-to-month,DSL,No,Yes,Bank transfer,62.16,1107.88,0,1,Yes
C000833,1,8,Month-to-month,DSL,No,Yes,Electronic check,51.08,426.31,0,3,No
C000834,0,4,One year,DSL,No,No,Electronic check,41.91,155.83,1,1,Yes
C000835,0,35,Month-to-month,Fiber optic,Yes,No,Bank transfer,59.09,1934.4,0,1,No
C000836,0,44,Month-to-month,No internet,Yes,Yes,Bank transfer,65.87,2879.36,1,2,No
C000837,0,10,One year,Fiber optic,No,No,Credit card,73.5,772.82,1,0,No
C000838,0,6,One year,Fiber optic,No,No,Mailed check,21.54,126.9,0,0,No
C000839,0,17,Month-to-month,Fiber optic,No,Yes,Mailed check,54.93,897.84,1,1,No
C000840,0,18,One year,No internet,Yes,Yes,Electronic check,94.82,1535.48,2,2,No
C000841,0,28,Month-to-month,DSL,No,Yes,Electronic check,28.93,887.94,1,2,No
C000842,0,40,Month-to-month,Fiber optic,Yes,Yes,Electronic check,68.44,2531.1,3,0,Yes
C000843,0,14,One year,Fiber optic,No,Yes,Bank transfer,52.84,798.72,2,0,No
C000844,0,6,Month-to-month,Fiber optic,No,No,Credit card,92.45,531.03,3,0,Yes
C000845,0,19,Month-to-month,DSL,Yes,No,Electronic check,95.95,1949.95,2,1,Yes
C000846,1,23,One year,Fiber optic,Yes,Yes,Electronic check,71.84,,2,0,Yes
C000847,0,47,One year,DSL,No,Yes,Bank transfer,52.57,2341.27,1,1,No
C000848,0,11,Month-to-month,Fiber optic,No,Yes,Electronic check,25.44,289.8,3,1,No
C000849,0,22,One year,Fiber optic,No,Yes,Electronic check,51.87,1192.29,1,1,No
C000850,0,36,Month-to-month,No internet,Yes,Yes,Credit card,44.02,1705.3,4,0,No
C000851,0,28,Two year,DSL,No,Yes,Electronic check,66.13,1817.86,0,0,No
C000852,0,7,Month-to-month,DSL,Yes,No,Mailed check,104.01,782.67,1,0,No
C000853,1,12,Month-to-month,Fiber optic,No,Yes,Bank transfer,112.9,1363.9,0,0,Yes
C000854,0,22,Month-to-month,No internet,No,No,Credit card,72.87,1506.43,3,1,No
C000855,0,11,Two year,DSL,No,No,Credit card,68.34,797.57,1,1,No
C000856,0,7,Month-to-month,Fiber optic,Yes,Yes,Bank transfer,61.93,466.78,2,0,Yes
C000857,1,1,One year,DSL,No,Yes,Electronic check,72.73,72.7,0,1,No
C000858,1,39,Two year,Fiber optic,No,Yes,Electronic check,60.17,2329.84,1,1,No
C000859,0,41,Two year,DSL,No,No,Bank transfer,109.2,,1,1,No
C000860,0,7,Month-to-month,Fiber optic,Yes,Yes,Mailed check,46.51,358.85,0,2,Yes
C000861,0,30,Month-to-month,Fiber optic,Yes,No,Electronic check,68.22,1894.49,1,2,Yes
C000862,0,5,One year,Fiber optic,No,No,Electronic check,49.93,265.77,1,1,No
C000863,0,43,One year,DSL,No,Yes,Mailed check,88.97,4295.43,3,0,No
C000864,0,72,Month-to-month,DSL,No,Yes,Electronic check,110.46,7534.18,4,0,No
C000865,0,30,Month-to-month,DSL,No,Yes,Mailed check,81.96,2545.15,3,1,No
C000866,0,16,Month-to-month,DSL,No,Yes,Mailed check,70.32,1129.77,0,0,Yes
C000867,0,9,Month-to-month,DSL,Yes,Yes,Bank transfer,66.78,614.16,1,0,Yes
C000868,0,7,One year,DSL,No,No,Mailed check,79.89,601.65,2,0,No
C000869,0,21,Month-to-month,Fiber optic,Yes,No,Credit card,53.86,1022.56,2,0,No
C000870,0,6,Month-to-month,Fiber optic,Yes,Yes,Mailed check,106.78,621.25,2,1,No
C000871,0,17,Month-to-month,No internet,No,Yes,Electronic check,109.64,1709.3,1,0,No
C000872,0,60,Month-to-month,Fiber optic,No,Yes,Credit card,90.82,5347.32,1,1,No
C000873,1,27,Month-to-month,Fiber optic,Yes,Yes,Bank transfer,86.06,,3,1,Yes
C000874,0,35,Two year,Fiber optic,Yes,No,Credit card,55.7,1826.79,1,1,No
C000875,1,8,Month-to-month,No internet,Yes,Yes,Electronic check,111.32,865.58,1,0,No
C000876,0,25,Month-to-month,Fiber optic,Yes,No,Credit card,31.37,755.69,0,1,No
C000877,0,21,One year,DSL,No,Yes,Bank transfer,47.8,1028.43,0,1,No
C000878,0,11,Month-to-month,Fiber optic,No,No,Mailed check,118.74,1281.41,0,0,Yes
C000879,0,21,Month-to-month,DSL,No,No,Electronic check,55.65,1113.77,1,1,No
C000880,0,3,Two year,Fiber optic,Yes,Yes,Electronic check,45.71,130.8,0,1,No
C000881,0,37,Two year,DSL,No,Yes,Electronic check,24.86,911.13,3,3,No
C000882,0,12,One year,Fiber optic,No,Yes,Electronic check,91.82,1020.51,0,1,Yes
C000883,0,32,Month-to-month,DSL,No,Yes,Electronic check,95.69,2617.41,2,0,No
C000884,1,20,Month-to-month,No internet,Yes,No,Mailed check,71.36,1527.96,2,0,No
C000885,0,23,Month-to-month,DSL,No,Yes,Mailed check,25.65,594.67,0,0,No
C000886,0,32,Month-to-month,Fiber optic,No,Yes,Electronic check,64.02,1974.88,1,1,No
C000887,0,72,Month-to-month,Fiber optic,No,Yes,Electronic check,46.7,3330.04,0,0,No
C000888,1,12,Month-to-month,DSL,No,No,Electronic check,88.73,1111.91,0,1,Yes
C000889,0,17,One year,Fiber optic,No,No,Electronic check,102.73,1656.02,2,1,No
C000890,0,10,Month-to-month,DSL,No,No,Electronic check,77.29,774.34,2,2,Yes
C000891,0,39,Month-to-month,DSL,Yes,Yes,Bank transfer,76.94,2904.16,1,0,No
C000892,0,30,Two year,DSL,No,Yes,Electronic check,104.78,3376.56,2,1,No
C000893,0,34,Month-to-month,DSL,No,Yes,Credit card,108.64,3151.85,2,1,No
C000894,0,72,Month-to-month,Fiber optic,Yes,Yes,Credit card,36.89,2431.5,1,0,No
C000895,0,69,Month-to-month,DSL,No,Yes,Bank transfer,77.67,5814.54,0,1,No
C000896,0,49,One year,DSL,No,No,Electronic check,37.34,,2,0,No
C000897,1,58,One year,DSL,No,No,Electronic check,47.53,2625.15,1,1,No
C000898,0,8,Month-to-month,No internet,Yes,No,Mailed check,94.92,703.35,0,2,No
C000899,0,12,One year,Fiber optic,No,Yes,Credit card,38.95,401.64,1,2,Yes
C000900,0,26,Month-to-month,Fiber optic,No,Yes,Credit card,62.5,1615.13,0,1,Yes
C000901,0,41,Month-to-month,Fiber optic,Yes,No,Bank transfer,97.55,4163.19,1,1,No
C000902,0,8,One year,No internet,No,Yes,Credit card,78.05,635.94,0,1,No
C000903,0,72,Two year,Fiber optic,Yes,Yes,Electronic check,25.99,1731.11,0,2,No
C000904,0,12,Two year,Fiber optic,Yes,No,Mailed check,64.25,746.01,1,0,No
C000905,0,24,One year,DSL,No,Yes,Mailed check,61.11,1611.84,1,1,No
C000906,0,19,Month-to-month,Fiber optic,No,No,Electronic check,44.41,,0,0,No
C000907,1,38,Month-to-month,No internet,Yes,Yes,Bank transfer,117.47,4211.35,1,2,No
C000908,0,3,Two year,Fiber optic,Yes,No,Bank transfer,68.31,215.85,2,0,No
C000909,0,23,Month-to-month,Fiber optic,Yes,No,Credit card,68.22,1540.42,1,1,Yes
C000910,0,10,Month-to-month,No internet,Yes,Yes,Electronic check,92.51,820.13,0,1,Yes
C000911,1,16,One year,DSL,No,Yes,Electronic check,71.05,1077.52,2,1,No
C000912,0,23,Two year,DSL,Yes,No,Electronic check,34.31,832.45,0,0,No
C000913,0,25,One year,Fiber optic,Yes,Yes,Electronic check,67.2,1662.32,0,2,No
C000914,0,21,Month-to-month,No internet,No,Yes,Electronic check,77.66,1620.55,1,1,Yes
C000915,1,6,Month-to-month,DSL,No,No,Mailed check,71.18,443.39,2,1,Yes
C000916,0,13,Month-to-month,DSL,No,Yes,Credit card,93.44,1157.06,1,0,Yes
C000917,0,55,Two year,DSL,No,Yes,Electronic check,88.87,4442.01,0,0,No
C000918,0,14,Two year,Fiber optic,Yes,No,Mailed check,80.09,1119.39,0,0,No
C000919,0,21,Month-to-month,DSL,Yes,No,Electronic check,63.32,1278.1,1,0,No
C000920,0,13,Two year,Fiber optic,No,No,Electronic check,68.41,888.21,0,0,No
C000921,0,31,Month-to-month,Fiber optic,No,Yes,Electronic check,115.32,,1,0,No
C000922,0,4,Month-to-month,DSL,Yes,No,Bank transfer,26.69,101.85,0,1,No
C000923,0,14,Month-to-month,No internet,No,Yes,Electronic check,95.39,1220.39,2,0,Yes
C000924,0,27,Month-to-month,DSL,No,Yes,Electronic check,78.61,2157.67,1,2,No
C000925,0,34,Month-to-month,Fiber optic,No,Yes,Mailed check,50.45,1915.28,0,0,No
C000926,0,22,Month-to-month,Fiber optic,No,No,Electronic check,67.34,1370.32,1,3,Yes
C000927,0,17,One year,DSL,No,No,Credit card,82.64,1502.08,3,3,Yes
C000928,0,38,Month-to-month,Fiber optic,Yes,No,Electronic check,33.01,1305.32,0,1,No
C000929,0,51,Two year,DSL,No,Yes,Mailed check,71.77,3515.71,2,1,No
C000930,1,39,Two year,Fiber optic,Yes,Yes,Credit card,81.99,3000.1,0,1,No
C000931,0,13,Month-to-month,DSL,Yes,No,Electronic check,45.68,612.9,1,2,No
C000932,0,27,Month-to-month,Fiber optic,Yes,Yes,Electronic check,71.01,,2,0,No
C000933,0,5,Two year,DSL,Yes,Yes,Mailed check,102.3,502.54,2,0,No
C000934,0,26,Month-to-month,DSL,Yes,Yes,Bank transfer,72.64,1835.86,1,1,No
C000935,0,19,Month-to-month,Fiber optic,Yes,Yes,Mailed check,46.57,986.65,0,2,No
C000936,0,17,Month-to-month,No internet,No,Yes,Electronic check,28.51,437.39,2,3,No
C000937,0,42,Two year,DSL,No,Yes,Bank transfer,24.19,1042.49,0,2,No
C000938,0,17,One year,No internet,Yes,No,Bank transfer,92.08,1744.31,0,0,Yes
C000939,0,28,Month-to-month,Fiber optic,No,Yes,Electronic check,62.91,1778.86,1,2,No
C000940,0,9,Month-to-month,DSL,No,Yes,Bank transfer,65.38,664.59,1,1,No
C000941,0,56,Month-to-month,DSL,No,Yes,Credit card,62.56,3504.33,1,1,No
C000942,0,22,Month-to-month,No internet,Yes,No,Mailed check,49.67,1104.0,2,2,Yes
C000943,0,37,Two year,DSL,No,No,Mailed check,111.09,4305.58,0,2,No
C000944,1,56,Two year,DSL,No,No,Bank transfer,84.96,4551.94,1,0,No
C000945,0,17,Month-to-month,Fiber optic,No,Yes,Mailed check,104.48,1780.22,3,0,Yes
C000946,0,43,Month-to-month,Fiber optic,No,No,Electronic check,38.21,1700.88,2,3,No
C000947,1,32,Month-to-month,No internet,Yes,No,Credit card,82.66,2539.74,1,1,No
C000948,0,23,Two year,Fiber optic,No,No,Electronic check,84.03,1988.04,0,1,No
C000949,0,53,One year,DSL,No,Yes,Bank transfer,39.87,2253.65,1,0,Yes
C000950,0,12,One year,DSL,No,Yes,Mailed check,46.35,517.36,2,0,No
C000951,0,71,One year,DSL,No,No,Credit card,47.63,3359.09,1,2,No
C000952,0,28,Month-to-month,Fiber optic,No,Yes,Mailed check,92.97,2667.55,0,2,No
C000953,0,37,Two year,No internet,Yes,No,Credit card,73.38,2599.07,0,1,Yes
C000954,0,20,Month-to-month,DSL,No,No,Mailed check,50.3,1068.34,1,1,No
C000955,1,33,One year,Fiber optic,No,No,Electronic check,85.04,3017.63,1,1,No
C000956,0,35,Month-to-month,Fiber optic,No,No,Credit card,51.59,,1,0,No
C000957,0,55,Month-to-month,DSL,No,Yes,Credit card,70.96,3964.83,2,1,No
C000958,1,22,Two year,Fiber optic,Yes,Yes,Mailed check,66.03,1398.88,1,0,Yes
C000959,0,6,Month-to-month,No internet,Yes,Yes,Credit card,46.8,279.05,1,1,No
C000960,0,29,Month-to-month,DSL,Yes,Yes,Bank transfer,91.24,2723.98,0,6,No
C000961,1,16,Month-to-month,Fiber optic,Yes,No,Credit card,69.16,1097.58,3,0,No
C000962,0,5,One year,No internet,No,Yes,Electronic check,18.0,91.05,2,4,No
C000963,0,61,Month-to-month,DSL,Yes,No,Credit card,63.24,3758.92,0,1,No
C000964,0,28,Month-to-month,No internet,Yes,Yes,Bank transfer,104.76,3148.31,1,0,Yes
C000965,0,37,Month-to-month,Fiber optic,No,Yes,Credit card,18.0,704.44,1,1,Yes
C000966,0,27,Month-to-month,Fiber optic,Yes,No,Electronic check,90.23,2348.52,0,0,Yes
C000967,0,26,Month-to-month,DSL,No,Yes,Bank transfer,73.5,1978.14,1,1,No
C000968,0,12,Month-to-month,DSL,No,Yes,Credit card,37.7,525.19,1,0,Yes
C000969,0,42,Month-to-month,DSL,Yes,Yes,Bank transfer,67.35,2754.49,1,1,No
C000970,0,4,One year,No internet,No,No,Electronic check,39.88,173.13,2,0,No
C000971,0,72,Month-to-month,No internet,No,No,Electronic check,30.16,,0,0,No
C000972,0,46,Two year,DSL,No,No,Credit card,77.34,3520.6,2,0,No
C000973,0,6,Two year,Fiber optic,No,Yes,Bank transfer,74.73,471.11,0,0,No
C000974,0,6,Month-to-month,DSL,No,No,Electronic check,23.49,122.6,1,0,Yes
C000975,0,8,Month-to-month,Fiber optic,Yes,No,Electronic check,54.59,474.05,2,0,Yes
C000976,1,17,Two year,Fiber optic,No,Yes,Bank transfer,68.51,1213.05,0,0,No
C000977,0,32,Month-to-month,No internet,No,Yes,Electronic check,29.02,977.94,2,0,No
C000978,0,22,Two year,Fiber optic,No,No,Mailed check,94.42,2106.79,0,1,No
C000979,0,19,Month-to-month,DSL,Yes,No,Bank transfer,49.57,999.34,1,1,No
C000980,0,22,One year,Fiber optic,No,Yes,Electronic check,77.54,1825.53,5,0,Yes
C000981,0,27,Month-to-month,Fiber optic,No,Yes,Electronic check,83.67,2362.16,0,0,Yes
C000982,0,14,One year,No internet,Yes,No,Credit card,44.62,616.0,3,0,Yes
C000983,1,20,Two year,Fiber optic,Yes,No,Electronic check,76.26,1514.42,1,0,No
C000984,1,20,Month-to-month,DSL,Yes,Yes,Electronic check,70.65,1420.18,1,2,No
C000985,0,41,Two year,DSL,No,No,Credit card,77.7,3153.12,0,1,No
C000986,0,7,Month-to-month,DSL,Yes,Yes,Bank transfer,57.05,380.45,3,1,No
C000987,0,8,Month-to-month,DSL,No,Yes,Mailed check,91.64,678.94,1,1,No
C000988,0,22,Month-to-month,DSL,Yes,No,Credit card,85.35,1871.46,1,0,No
C000989,0,19,Month-to-month,DSL,Yes,Yes,Electronic check,105.62,,3,1,Yes
C000990,0,16,Month-to-month,Fiber optic,No,No,Electronic check,94.04,1475.6,0,0,Yes
C000991,0,25,One year,No internet,Yes,No,Credit card,34.46,797.47,2,0,No
C000992,0,36,Month-to-month,No internet,No,No,Bank transfer,53.88,1785.21,1,1,No
C000993,1,57,One year,DSL,No,No,Electronic check,78.38,4366.54,0,1,No
C000994,0,13,Two year,Fiber optic,No,No,Bank transfer,92.36,1186.87,2,1,No
C000995,1,23,Two year,Fiber optic,Yes,Yes,Electronic check,50.63,1320.08,1,1,No
C000996,0,60,Two year,DSL,Yes,No,Electronic check,68.1,4076.55,1,1,No
C000997,0,27,Two year,Fiber optic,Yes,Yes,Bank transfer,75.38,2169.44,1,1,No
C000998,0,22,Month-to-month,DSL,No,Yes,Credit card,65.16,1480.41,1,0,No
C000999,0,30,Two year,Fiber optic,No,Yes,Electronic check,92.5,2833.12,0,0,No
C001000,0,12,Month-to-month,DSL,No,Yes,Electronic check,43.44,513.27,0,0,Yes
C001001,0,19,Two year,No internet,No,Yes,Electronic check,80.27,1588.52,2,0,No
C001002,1,39,Two year,DSL,No,No,Electronic check,48.32,1949.52,0,0,No
C001003,0,25,One year,Fiber optic,No,Yes,Bank transfer,78.31,1797.75,1,0,No
C001004,0,62,Month-to-month,Fiber optic,No,Yes,Bank transfer,45.06,2914.09,0,0,No
C001005,1,11,Month-to-month,DSL,Yes,Yes,Bank transfer,60.83,662.69,3,2,No
C001006,0,65,Month-to-month,No internet,Yes,Yes,Credit card,90.57,5336.87,0,1,No
C001007,0,11,Month-to-month,DSL,Yes,No,Bank transfer,44.27,465.51,0,0,No
C001008,0,15,Month-to-month,DSL,Yes,Yes,Bank transfer,69.61,1091.37,0,0,Yes
C001009,0,1,Month-to-month,Fiber optic,No,Yes,Bank transfer,83.5,88.45,0,1,Yes
C001010,0,12,Two year,Fiber optic,No,No,Bank transfer,65.04,777.0,1,0,No
C001011,0,13,Two year,Fiber optic,No,No,Bank transfer,61.14,855.39,1,0,No
C001012,0,50,Month-to-month,DSL,Yes,Yes,Credit card,68.0,3571.62,0,1,No
C001013,0,10,Month-to-month,DSL,Yes,Yes,Electronic check,46.01,418.38,0,0,No
C001014,0,9,Month-to-month,Fiber optic,No,Yes,Bank transfer,86.34,727.77,6,1,Yes
C001015,0,20,Month-to-month,Fiber optic,No,Yes,Electronic check,85.54,1751.12,0,0,Yes
C001016,0,39,Month-to-month,No internet,No,Yes,Electronic check,110.37,4082.14,0,1,Yes
C001017,0,6,One year,DSL,No,No,Credit card,74.7,432.38,1,0,No
C001018,0,25,Month-to-month,DSL,Yes,No,Mailed check,94.53,2411.58,2,1,No
C001019,1,72,Month-to-month,No internet,Yes,No,Bank transfer,55.56,3940.11,2,0,No
C001020,0,15,Month-to-month,Fiber optic,Yes,No,Electronic check,79.6,1146.84,2,0,Yes
C001021,0,11,One year,DSL,Yes,Yes,Mailed check,45.32,457.43,1,0,No
C001022,0,6,Month-to-month,DSL,Yes,Yes,Electronic check,73.75,498.38,0,1,Yes
C001023,0,22,Month-to-month,Fiber optic,No,No,Bank transfer,60.04,1212.79,3,0,No
C001024,1,21,Month-to-month,DSL,No,Yes,Credit card,91.26,1871.13,1,0,Yes
C001025,0,17,Two year,Fiber optic,No,Yes,Bank transfer,18.06,327.97,1,0,No
C001026,0,25,Month-to-month,No internet,No,Yes,Bank transfer,63.7,1586.37,1,0,No
C001027,0,22,One year,Fiber optic,No,Yes,Bank transfer,60.47,1256.82,1,2,No
C001028,0,23,Month-to-month,Fiber optic,No,Yes,Electronic check,84.05,1803.77,1,2,Yes
C001029,0,22,Two year,No internet,No,Yes,Credit card,50.31,1186.42,2,0,No
C001030,0,33,Month-to-month,DSL,No,No,Mailed check,57.43,1988.17,1,2,No
C001031,0,7,Month-to-month,No internet,No,No,Electronic check,98.61,610.0,1,0,Yes
C001032,1,11,Two year,Fiber optic,No,No,Mailed check,52.48,530.08,1,0,No
C001033,1,27,One year,DSL,Yes,No,Credit card,58.32,1638.5,2,1,No
C001034,1,7,Month-to-month,DSL,No,Yes,Bank transfer,95.67,736.79,1,1,No
C001035,0,23,Month-to-month,DSL,No,Yes,Bank transfer,18.0,401.14,0,2,No
C001036,0,20,Two year,DSL,Yes,No,Electronic check,77.68,1646.44,2,1,No
C001037,0,17,Month-to-month,Fiber optic,No,No,Credit card,76.16,1171.66,0,1,No
C001038,0,7,Month-to-month,Fiber optic,No,Yes,Mailed check,74.16,467.41,1,3,Yes
C001039,0,10,Two year,DSL,Yes,Yes,Bank transfer,24.28,224.8,2,1,No
C001040,0,28,Month-to-month,No internet,No,Yes,Bank transfer,33.15,957.95,1,1,No
C001041,0,37,Month-to-month,Fiber optic,No,Yes,Credit card,47.57,1784.93,2,0,No
C001042,0,11,Month-to-month,Fiber optic,No,Yes,Electronic check,46.89,539.24,0,0,Yes
C001043,0,14,Month-to-month,DSL,No,Yes,Electronic check,84.12,1053.4,1,1,No
C001044,0,16,Month-to-month,Fiber optic,Yes,No,Electronic check,57.0,1005.9,2,0,No
C001045,0,4,One year,No internet,Yes,No,Electronic check,102.45,400.32,2,1,Yes
C001046,0,8,Month-to-month,Fiber optic,No,No,Bank transfer,67.17,625.13,2,0,Yes
C001047,0,26,Month-to-month,Fiber optic,Yes,Yes,Electronic check,82.76,2189.13,2,0,Yes
C001048,0,15,Two year,Fiber optic,No,Yes,Electronic check,51.61,690.4,3,1,No
C001049,0,7,Two year,Fiber optic,No,No,Mailed check,53.26,372.55,4,3,No
C001050,0,18,One year,Fiber optic,No,Yes,Electronic check,78.34,1339.74,0,1,Yes
C001051,0,7,Month-to-month,DSL,Yes,No,Credit card,89.16,683.77,2,1,Yes
C001052,0,19,Month-to-month,DSL,No,Yes,Electronic check,51.73,997.62,4,1,Yes
C001053,0,37,One year,DSL,No,Yes,Electronic check,99.14,3953.35,1,1,No
C001054,0,50,Month-to-month,No internet,No,No,Bank transfer,61.96,2951.72,3,1,No
C001055,1,52,Two year,DSL,No,Yes,Credit card,105.95,5259.71,0,1,No
C001056,0,30,Month-to-month,DSL,Yes,Yes,Electronic check,37.82,1146.44,2,0,Yes
C001057,0,3,Month-to-month,Fiber optic,Yes,Yes,Electronic check,59.34,179.09,1,0,Yes
C001058,0,27,Month-to-month,Fiber optic,No,No,Mailed check,83.65,2133.5,1,1,Yes
C001059,0,23,One year,No internet,Yes,Yes,Credit card,66.09,1570.65,0,0,No
C001060,0,14,One year,DSL,No,Yes,Credit card,53.79,807.83,2,1,No
C001061,0,33,One year,DSL,No,No,Electronic check,83.6,2703.27,0,0,No
C001062,1,6,Month-to-month,DSL,No,No,Electronic check,90.9,529.54,2,1,Yes
C001063,0,43,Two year,Fiber optic,No,Yes,Electronic check,58.05,2424.27,2,2,No
C001064,1,11,One year,DSL,Yes,Yes,Electronic check,86.51,983.98,1,2,No
C001065,0,29,Month-to-month,Fiber optic,No,No,Bank transfer,57.36,1652.76,2,1,No
C001066,0,19,Month-to-month,Fiber optic,No,Yes,Bank transfer,48.56,948.43,1,1,No
C001067,0,11,One year,DSL,Yes,Yes,Bank transfer,99.15,1165.88,3,0,No
C001068,0,37,Month-to-month,Fiber optic,Yes,Yes,Mailed check,54.1,1966.82,0,1,No
C001069,1,12,One year,DSL,Yes,Yes,Mailed check,55.93,660.54,3,1,No
C001070,0,16,One year,Fiber optic,Yes,No,Credit card,86.43,1358.99,5,1,No
C001071,0,12,Month-to-month,No internet,No,No,Electronic check,43.97,575.88,1,1,Yes
C001072,0,55,Two year,No internet,Yes,Yes,Electronic check,44.89,2453.62,1,1,No
C001073,0,8,Month-to-month,Fiber optic,Yes,No,Electronic check,61.49,494.26,1,0,Yes
C001074,0,14,Month-to-month,No internet,No,Yes,Credit card,70.03,963.02,1,2,Yes
C001075,0,10,Month-to-month,DSL,Yes,Yes,Mailed check,90.51,955.24,1,0,No
C001076,0,5,Two year,DSL,No,No,Bank transfer,63.24,324.31,1,1,No
C001077,0,44,Month-to-month,Fiber optic,No,Yes,Bank transfer,51.96,2126.8,1,2,No
C001078,0,20,One year,Fiber optic,No,Yes,Credit card,36.54,773.56,2,0,No
C001079,1,28,Month-to-month,No internet,No,Yes,Mailed check,59.96,1721.65,2,1,No
C001080,0,13,Two year,Fiber optic,No,Yes,Electronic check,56.51,789.12,1,0,No
C001081,1,25,Two year,DSL,Yes,No,Electronic check,94.69,2445.3,0,1,Yes
C001082,0,21,Month-to-month,Fiber optic,Yes,Yes,Mailed check,28.58,598.41,1,0,No
C001083,0,40,Two year,DSL,No,Yes,Electronic check,24.48,919.66,1,0,No
C001084,0,12,One year,No internet,No,Yes,Credit card,22.3,283.92,3,0,No
C001085,0,40,Month-to-month,DSL,No,No,Bank transfer,61.88,2664.71,3,1,No
C001086,1,40,Month-to-month,DSL,No,Yes,Electronic check,78.27,2964.69,0,2,Yes
C001087,0,72,Month-to-month,DSL,No,No,Mailed check,107.01,7677.79,0,0,No
C001088,0,13,Month-to-month,DSL,No,Yes,Mailed check,28.18,376.98,2,0,No
C001089,0,2,Month-to-month,Fiber optic,No,No,Bank transfer,71.4,141.72,0,0,Yes
C001090,0,44,Month-to-month,DSL,Yes,Yes,Credit card,52.53,2367.38,0,1,No
C001091,0,16,Month-to-month,DSL,Yes,Yes,Electronic check,107.03,1673.55,2,0,Yes
C001092,0,29,One year,Fiber optic,No,Yes,Bank transfer,75.97,2117.63,2,0,No
C001093,0,16,Two year,Fiber optic,Yes,No,Mailed check,104.64,1799.52,0,0,No
C001094,0,72,Two year,DSL,No,Yes,Credit card,66.92,4319.13,1,2,No
C001095,0,4,Month-to-month,Fiber optic,No,Yes,Electronic check,93.61,389.19,1,0,No
C001096,0,65,One year,DSL,No,No,Bank transfer,76.28,4720.8,1,0,No
C001097,1,13,Month-to-month,DSL,Yes,Yes,Electronic check,51.97,677.15,1,0,No
C001098,0,5,Month-to-month,Fiber optic,No,Yes,Mailed check,90.45,433.83,1,2,Yes
C001099,0,10,Two year,DSL,No,Yes,Credit card,59.99,605.67,2,2,No
C001100,0,13,Month-to-month,No internet,Yes,Yes,Bank transfer,18.0,225.19,0,2,No
C001101,0,58,Two year,DSL,No,No,Electronic check,64.91,3828.07,2,1,No
C001102,0,16,One year,Fiber optic,No,Yes,Credit card,37.51,548.05,0,0,No
C001103,0,57,Month-to-month,Fiber optic,Yes,Yes,Mailed check,80.35,,2,0,No
C001104,1,14,One year,Fiber optic,Yes,Yes,Bank transfer,104.96,1457.15,1,0,No
C001105,1,54,Month-to-month,Fiber optic,No,No,Credit card,74.75,4191.19,1,3,No
C001106,0,20,Two year,DSL,No,Yes,Bank transfer,81.02,1537.29,2,0,No
C001107,0,9,Month-to-month,DSL,No,No,Electronic check,37.37,376.3,1,2,Yes
C001108,0,10,Month-to-month,DSL,Yes,Yes,Mailed check,48.1,469.76,1,0,No
C001109,0,4,One year,No internet,Yes,Yes,Bank transfer,53.05,222.32,2,1,Yes
C001110,0,13,Month-to-month,DSL,Yes,No,Mailed check,115.35,1332.82,1,1,No
C001111,0,5,Month-to-month,DSL,No,Yes,Electronic check,57.15,268.33,2,0,No
C001112,0,18,Month-to-month,Fiber optic,No,Yes,Mailed check,74.15,1252.55,1,0,No
C001113,0,30,Month-to-month,Fiber optic,Yes,Yes,Electronic check,22.52,627.22,3,3,No
C001114,0,6,Month-to-month,Fiber optic,No,No,Electronic check,55.04,298.28,0,2,No
C001115,1,27,One year,DSL,No,No,Electronic check,70.41,1849.95,3,1,No
C001116,0,20,Two year,DSL,Yes,No,Mailed check,63.98,1212.55,1,0,No
C001117,0,14,Month-to-month,Fiber optic,Yes,Yes,Electronic check,60.22,926.29,0,1,No
C001118,0,31,One year,DSL,No,Yes,Electronic check,77.97,2405.76,0,0,No
C001119,0,12,Two year,DSL,Yes,No,Bank transfer,79.23,966.67,2,1,No
C001120,0,20,Month-to-month,Fiber optic,No,Yes,Bank transfer,37.76,658.47,0,0,No
C001121,0,16,One year,DSL,Yes,Yes,Credit card,34.61,604.16,1,2,No
C001122,0,20,Month-to-month,No internet,No,No,Electronic check,80.91,1770.24,1,0,Yes
C001123,1,4,Two year,DSL,Yes,Yes,Bank transfer,87.06,324.54,1,0,No
C001124,1,18,One year,Fiber optic,No,No,Electronic check,33.93,570.62,1,2,No
C001125,0,38,Two year,Fiber optic,No,Yes,Mailed check,83.81,3033.97,1,0,No
C001126,0,20,One year,Fiber optic,Yes,No,Mailed check,33.0,716.96,2,1,No
C001127,0,26,Two year,Fiber optic,No,Yes,Bank transfer,63.13,1507.01,3,1,No
C001128,0,41,Month-to-month,DSL,Yes,No,Bank transfer,98.47,3782.2,0,0,No
C001129,0,2,One year,Fiber optic,Yes,No,Credit card,27.17,49.03,0,1,No
C001130,0,49,Month-to-month,Fiber optic,No,No,Bank transfer,67.05,3339.76,0,1,Yes
C001131,0,23,Month-to-month,DSL,No,No,Mailed check,61.83,1494.84,0,1,No
C001132,0,17,Month-to-month,Fiber optic,Yes,Yes,Credit card,39.3,628.08,0,0,Yes
C001133,1,9,One year,Fiber optic,No,Yes,Electronic check,85.84,826.15,1,0,No
C001134,0,8,One year,Fiber optic,No,No,Credit card,44.08,355.82,2,1,Yes
C001135,0,15,Two year,Fiber optic,No,Yes,Bank transfer,50.71,,0,2,No
C001136,0,16,Month-to-month,Fiber optic,No,Yes,Electronic check,39.99,661.39,2,1,Yes
C001137,1,18,Month-to-month,Fiber optic,No,Yes,Bank transfer,77.75,1507.93,0,0,No
C001138,0,13,Month-to-month,No internet,No,Yes,Electronic check,80.75,1131.46,1,2,No
C001139,0,26,Two year,Fiber optic,No,Yes,Electronic check,100.45,2694.94,1,0,No
C001140,0,44,Month-to-month,No internet,No,Yes,Electronic check,61.02,2901.73,1,4,No
C001141,0,17,Month-to-month,Fiber optic,Yes,Yes,Mailed check,46.62,792.72,1,2,Yes
C001142,0,20,One year,DSL,No,Yes,Bank transfer,103.66,2113.38,1,1,No
C001143,0,48,One year,DSL,Yes,Yes,Electronic check,51.77,2757.21,0,1,No
C001144,0,9,Month-to-month,DSL,No,No,Bank transfer,83.66,747.84,0,0,No
C001145,0,20,Month-to-month,DSL,Yes,No,Credit card,106.69,2028.61,1,1,Yes
C001146,0,36,Month-to-month,DSL,Yes,Yes,Credit card,86.41,2879.6,4,3,No
C001147,0,26,Two year,Fiber optic,No,Yes,Bank transfer,22.09,556.17,2,1,No
C001148,0,35,One year,Fiber optic,No,Yes,Electronic check,41.13,1274.94,3,1,No
C001149,0,14,Month-to-month,Fiber optic,No,Yes,Mailed check,47.51,627.18,1,0,Yes
C001150,1,60,Month-to-month,Fiber optic,Yes,Yes,Credit card,87.45,4879.18,4,2,No
C001151,0,18,Month-to-month,Fiber optic,No,Yes,Credit card,47.61,847.57,2,0,No
C001152,0,5,One year,DSL,Yes,Yes,Credit card,85.72,392.7,0,1,No
C001153,0,10,One year,No internet,Yes,No,Mailed check,72.12,716.16,1,0,No
C001154,1,36,Two year,DSL,Yes,No,Electronic check,70.73,2545.54,1,1,No
C001155,0,45,Month-to-month,DSL,No,No,Electronic check,66.19,3123.75,0,0,Yes
C001156,0,17,Month-to-month,Fiber optic,No,No,Credit card,48.11,869.96,3,0,No
C001157,0,9,One year,DSL,Yes,No,Credit card,100.38,990.45,1,1,Yes
C001158,0,25,Two year,No internet,Yes,Yes,Bank transfer,69.7,1716.24,1,2,No
C001159,0,20,One year,Fiber optic,No,Yes,Mailed check,103.77,1900.65,1,0,Yes
C001160,0,20,Month-to-month,Fiber optic,No,Yes,Bank transfer,44.15,925.22,0,0,No
C001161,0,32,Two year,DSL,Yes,Yes,Mailed check,24.77,812.77,2,0,No
C001162,0,15,Month-to-month,DSL,No,No,Bank transfer,101.11,1476.96,1,1,Yes
C001163,0,11,Two year,Fiber optic,Yes,No,Electronic check,37.66,435.35,2,1,No
C001164,0,42,Month-to-month,DSL,No,Yes,Electronic check,69.26,3260.98,2,1,No
C001165,0,6,Month-to-month,DSL,Yes,Yes,Mailed check,57.16,351.11,2,1,No
C001166,1,26,Two year,Fiber optic,No,Yes,Electronic check,62.55,1586.23,1,1,No
C001167,1,4,Month-to-month,DSL,No,Yes,Electronic check,58.16,235.83,1,2,No
C001168,0,19,Two year,No internet,No,No,Credit card,39.21,704.07,1,0,No
C001169,0,12,One year,Fiber optic,No,Yes,Bank transfer,36.64,493.55,3,0,No
C001170,0,22,Month-to-month,Fiber optic,No,No,Mailed check,71.45,1457.1,0,0,Yes
C001171,0,25,Month-to-month,No internet,Yes,No,Credit card,48.59,1140.13,2,1,Yes
C001172,0,16,One year,No internet,No,No,Electronic check,108.7,1849.66,1,0,No
C001173,0,45,Month-to-month,DSL,No,Yes,Electronic check,68.09,3031.44,5,1,No
C001174,0,16,Two year,Fiber optic,Yes,Yes,Credit card,100.69,1491.85,3,2,No
C001175,1,20,Two year,DSL,No,Yes,Credit card,54.34,1150.45,1,1,No
C001176,0,47,Month-to-month,DSL,No,Yes,Credit card,85.81,4322.94,1,0,No
C001177,0,5,Month-to-month,DSL,No,Yes,Electronic check,51.31,231.31,5,0,Yes
C001178,0,14,Two year,DSL,No,No,Bank transfer,42.74,622.86,1,0,No
C001179,0,8,Month-to-month,DSL,Yes,Yes,Electronic check,60.01,509.87,1,2,Yes
C001180,0,44,Month-to-month,DSL,No,Yes,Electronic check,61.05,2993.98,1,2,Yes
C001181,0,4,Month-to-month,Fiber optic,Yes,No,Credit card,130.0,535.93,1,0,No
C001182,0,22,Month-to-month,DSL,No,Yes,Electronic check,33.0,760.53,1,0,No
C001183,0,30,Month-to-month,DSL,No,Yes,Electronic check,49.73,1503.98,2,1,Yes
C001184,0,72,One year,Fiber optic,No,No,Electronic check,83.52,6284.67,3,1,No
C001185,0,11,Two year,DSL,No,Yes,Bank transfer,61.83,752.96,0,0,No
C001186,0,33,Two year,Fiber optic,No,Yes,Bank transfer,69.42,2395.09,0,1,No
C001187,0,30,Month-to-month,DSL,Yes,No,Electronic check,85.02,2459.06,1,2,No
C001188,0,24,Month-to-month,Fiber optic,No,Yes,Mailed check,62.39,1493.23,1,0,Yes
C001189,1,21,Month-to-month,DSL,Yes,Yes,Credit card,48.1,1133.1,2,1,Yes
C001190,0,33,Two year,Fiber optic,No,No,Electronic check,32.16,982.03,0,1,No
C001191,0,23,Month-to-month,No internet,Yes,Yes,Electronic check,64.09,1422.43,1,1,Yes
C001192,0,16,Month-to-month,DSL,No,No,Bank transfer,79.24,1218.54,1,2,No
C001193,0,25,Two year,Fiber optic,No,Yes,Electronic check,70.92,1918.52,2,1,No
C001194,1,26,Month-to-month,Fiber optic,No,No,Bank transfer,94.75,2335.24,1,2,No
C001195,0,46,Month-to-month,DSL,Yes,Yes,Electronic check,55.45,2489.44,2,0,No
C001196,0,15,One year,DSL,No,Yes,Electronic check,72.64,1087.44,2,2,Yes
C001197,0,45,Month-to-month,No internet,No,Yes,Bank transfer,45.0,,3,1,Yes
C001198,1,48,Two year,DSL,No,No,Bank transfer,18.08,901.99,1,1,No
C001199,0,40,Month-to-month,Fiber optic,No,Yes,Electronic check,80.03,2982.69,3,1,Yes
C001200,0,17,Month-to-month,Fiber optic,Yes,No,Electronic check,54.08,856.6,2,0,No
C001201,0,21,Month-to-month,No internet,Yes,Yes,Credit card,81.57,1565.78,1,0,No
C001202,1,32,One year,DSL,Yes,Yes,Electronic check,50.34,1726.23,4,1,No
C001203,0,36,Month-to-month,Fiber optic,No,Yes,Electronic check,27.33,970.31,1,0,Yes
C001204,0,3,Two year,Fiber optic,Yes,Yes,Mailed check,43.1,130.92,0,1,Yes
C001205,0,31,Two year,Fiber optic,No,Yes,Electronic check,58.17,1806.0,0,1,No
C001206,1,30,Two year,DSL,No,No,Electronic check,48.51,1325.48,3,2,No
C001207,0,46,Month-to-month,Fiber optic,Yes,Yes,Credit card,58.52,2425.22,1,3,No
C001208,0,10,Month-to-month,Fiber optic,No,No,Electronic check,79.14,738.09,0,2,No
C001209,1,24,Month-to-month,Fiber optic,No,Yes,Credit card,65.09,1750.1,0,0,No
C001210,0,72,Two year,DSL,No,Yes,Mailed check,77.12,5428.22,2,0,No
C001211,1,60,One year,Fiber optic,Yes,Yes,Electronic check,61.68,3818.83,1,0,No
C001212,0,16,Month-to-month,Fiber optic,Yes,Yes,Electronic check,48.5,729.0,1,0,No
C001213,0,11,One year,Fiber optic,No,No,Bank transfer,41.11,524.57,3,1,No
C001214,0,44,Two year,DSL,No,Yes,Bank transfer,18.0,797.45,2,1,No
C001215,0,9,Two year,Fiber optic,Yes,Yes,Electronic check,79.97,651.57,3,1,Yes
C001216,0,10,One year,DSL,No,Yes,Electronic check,92.64,899.93,1,1,Yes
C001217,0,22,Two year,Fiber optic,No,Yes,Credit card,40.81,916.73,5,1,No
C001218,0,12,Two year,Fiber optic,Yes,No,Bank transfer,41.76,532.39,2,1,Yes
C001219,0,14,Month-to-month,No internet,No,Yes,Bank transfer,44.09,604.68,1,1,No
C001220,1,54,Month-to-month,DSL,No,Yes,Credit card,73.7,4144.86,1,2,No
C001221,0,53,One year,No internet,Yes,Yes,Electronic check,67.67,3653.85,2,2,No
C001222,0,24,Month-to-month,DSL,No,Yes,Electronic check,59.51,1448.57,3,1,Yes
C001223,0,12,Month-to-month,DSL,No,Yes,Credit card,64.0,749.47,2,0,No
C001224,0,22,Two year,DSL,No,No,Mailed check,24.01,541.16,0,1,No
C001225,0,30,One year,DSL,Yes,No,Mailed check,62.07,1989.74,3,1,No
C001226,0,35,Month-to-month,No internet,Yes,Yes,Credit card,60.55,2120.61,1,1,No
C001227,0,28,Two year,No internet,Yes,No,Credit card,77.21,2119.79,2,0,No
C001228,0,41,Month-to-month,No internet,Yes,No,Credit card,47.55,2282.19,1,1,No
C001229,0,17,Two year,Fiber optic,Yes,Yes,Credit card,52.09,923.69,1,2,No
C001230,0,19,Two year,DSL,Yes,Yes,Mailed check,70.44,1393.33,3,0,No
C001231,0,5,Month-to-month,Fiber optic,Yes,No,Bank transfer,130.0,593.04,2,3,Yes
C001232,0,38,Month-to-month,No internet,No,Yes,Electronic check,50.31,2040.83,0,0,No
C001233,0,6,Month-to-month,DSL,Yes,Yes,Electronic check,115.7,627.28,0,0,Yes
C001234,0,14,Two year,No internet,Yes,Yes,Electronic check,42.41,637.48,2,1,No
C001235,1,22,Month-to-month,DSL,Yes,No,Bank transfer,66.68,1498.24,0,1,No
C001236,1,62,Month-to-month,Fiber optic,No,No,Credit card,42.22,2543.34,0,0,No
C001237,1,31,Two year,Fiber optic,No,Yes,Bank transfer,99.15,2947.98,0,1,Yes
C001238,0,8,One year,No internet,Yes,Yes,Electronic check,68.65,555.43,1,1,No
C001239,0,10,One year,No internet,Yes,No,Bank transfer,70.31,686.91,0,2,No
C001240,0,19,One year,DSL,Yes,Yes,Mailed check,90.87,1547.82,0,1,No
C001241,1,72,Month-to-month,Fiber optic,Yes,Yes,Credit card,97.74,7499.98,3,1,No
C001242,0,15,Month-to-month,DSL,No,Yes,Mailed check,49.15,669.58,3,0,No
C001243,0,10,Month-to-month,Fiber optic,No,No,Electronic check,71.66,709.69,1,2,No
C001244,0,43,Month-to-month,DSL,No,Yes,Electronic check,53.32,2227.7,1,0,No
C001245,1,13,Month-to-month,Fiber optic,No,Yes,Electronic check,94.26,1341.96,3,0,Yes
C001246,0,14,One year,Fiber optic,Yes,No,Mailed check,18.0,228.73,2,2,No
C001247,0,24,One year,DSL,No,Yes,Electronic check,119.67,3047.92,0,3,Yes
C001248,0,22,One year,Fiber optic,No,Yes,Mailed check,59.9,1355.92,2,1,No
C001249,0,9,Month-to-month,No internet,Yes,Yes,Bank transfer,18.0,133.58,1,1,Yes
C001250,0,26,Month-to-month,DSL,No,Yes,Credit card,72.56,1725.57,2,0,No
C001251,0,18,Two year,No internet,No,Yes,Credit card,44.79,772.51,2,0,No
C001252,1,16,Month-to-month,Fiber optic,No,No,Bank transfer,66.41,995.01,1,1,Yes
C001253,0,24,Month-to-month,DSL,Yes,Yes,Mailed check,68.68,1670.64,3,0,Yes
C001254,0,4,Month-to-month,No internet,No,No,Electronic check,92.08,381.04,0,1,No
C001255,0,25,Two year,Fiber optic,No,Yes,Bank transfer,20.31,540.26,0,1,No
C001256,0,13,Month-to-month,Fiber optic,No,Yes,Electronic check,75.38,936.78,2,1,Yes
C001257,0,27,Month-to-month,Fiber optic,No,Yes,Electronic check,94.25,2626.35,0,0,Yes
C001258,0,11,Month-to-month,No internet,No,Yes,Bank transfer,33.44,362.75,2,0,No
C001259,0,45,One year,DSL,Yes,Yes,Electronic check,84.13,3904.77,0,1,No
C001260,0,20,Two year,DSL,Yes,Yes,Credit card,85.75,1708.94,0,0,No
C001261,0,41,One year,DSL,No,No,Bank transfer,52.31,2142.49,0,0,No
C001262,0,62,Month-to-month,DSL,No,No,Mailed check,18.19,1105.39,1,1,No
C001263,0,18,Month-to-month,No internet,No,Yes,Credit card,69.46,1289.61,1,0,No
C001264,0,50,One year,Fiber optic,Yes,No,Electronic check,53.9,2714.49,1,1,No
C001265,1,13,Two year,Fiber optic,No,Yes,Electronic check,104.39,1277.46,2,1,Yes
C001266,0,36,Month-to-month,No internet,No,No,Mailed check,59.89,1883.56,4,1,No
C001267,0,23,One year,Fiber optic,No,Yes,Credit card,83.15,2029.46,0,0,No
C001268,0,64,Month-to-month,DSL,No,No,Electronic check,74.35,4981.23,3,1,No
C001269,0,7,Month-to-month,Fiber optic,No,Yes,Bank transfer,70.47,491.02,2,1,Yes
C001270,0,19,Month-to-month,Fiber optic,No,No,Credit card,34.96,711.91,0,0,No
C001271,0,31,One year,DSL,No,Yes,Electronic check,47.69,1474.38,2,1,No
C001272,0,36,Two year,DSL,Yes,Yes,Bank transfer,68.27,2440.67,0,0,No
C001273,0,23,One year,Fiber optic,Yes,Yes,Bank transfer,63.68,1427.65,0,2,No
C001274,0,15,Month-to-month,Fiber optic,No,No,Mailed check,63.07,1019.94,1,1,No
C001275,0,24,One year,DSL,No,Yes,Mailed check,84.81,2260.47,2,1,No
C001276,0,19,Month-to-month,No internet,Yes,No,Credit card,66.9,1256.19,2,1,No
C001277,0,15,Month-to-month,DSL,No,Yes,Mailed check,83.46,1205.17,2,1,Yes
C001278,1,39,Month-to-month,DSL,Yes,No,Mailed check,67.92,2822.59,2,0,No
C001279,0,45,Month-to-month,DSL,No,No,Bank transfer,75.07,3564.94,1,0,No
C001280,0,11,Month-to-month,Fiber optic,Yes,Yes,Electronic check,52.77,603.56,2,0,No
C001281,0,6,Month-to-month,Fiber optic,Yes,No,Credit card,28.55,156.58,2,0,No
C001282,0,43,Month-to-month,Fiber optic,No,No,Electronic check,86.74,3801.32,0,0,Yes
C001283,1,26,Month-to-month,No internet,No,Yes,Credit card,87.14,2294.4,2,2,No
C001284,0,31,Month-to-month,DSL,No,No,Credit card,81.77,2493.07,2,0,No
C001285,0,26,Two year,No internet,No,Yes,Credit card,45.74,1223.35,2,0,No
C001286,1,35,Two year,DSL,Yes,Yes,Credit card,93.01,3228.93,1,0,No
C001287,0,33,Month-to-month,Fiber optic,Yes,Yes,Bank transfer,68.14,2305.72,1,0,Yes
C001288,0,16,One year,DSL,No,No,Electronic check,69.91,1119.25,1,1,No
C001289,0,30,Two year,No internet,No,Yes,Bank transfer,49.1,1449.99,2,1,No
C001290,0,3,Month-to-month,Fiber optic,Yes,Yes,Bank transfer,53.56,177.55,1,2,Yes
C001291,1,4,One year,Fiber optic,Yes,Yes,Electronic check,50.05,200.01,2,0,No
C001292,1,11,Month-to-month,DSL,Yes,No,Credit card,74.83,855.14,1,1,No
C001293,0,15,One year,Fiber optic,No,Yes,Electronic check,48.71,773.43,1,1,No
C001294,0,12,Two year,DSL,No,Yes,Mailed check,65.04,736.96,0,0,No
C001295,0,10,Month-to-month,Fiber optic,No,Yes,Electronic check,52.15,516.61,2,0,No
C001296,0,22,Two year,Fiber optic,No,No,Electronic check,33.96,709.04,2,1,No
C001297,0,9,One year,DSL,No,No,Credit card,67.03,598.14,1,2,Yes
C001298,1,22,One year,Fiber optic,No,No,Credit card,68.88,1410.38,1,1,No
C001299,1,8,One year,No internet,Yes,No,Electronic check,67.56,569.9,1,1,Yes
C001300,0,25,Two year,DSL,Yes,Yes,Credit card,18.0,450.82,1,0,No
C001301,0,53,Month-to-month,Fiber optic,No,Yes,Credit card,91.32,4487.72,0,1,No
C001302,1,14,One year,DSL,No,No,Bank transfer,65.48,944.32,2,2,Yes
C001303,0,3,Month-to-month,DSL,No,Yes,Bank transfer,42.01,118.65,0,0,No
C001304,0,36,Month-to-month,Fiber optic,No,Yes,Electronic check,113.0,3721.66,2,0,Yes
C001305,0,5,One year,Fiber optic,No,No,Bank transfer,66.33,340.63,0,0,No
C001306,0,13,Month-to-month,Fiber optic,Yes,No,Mailed check,84.02,1097.35,3,0,Yes
C001307,0,49,Month-to-month,No internet,No,No,Credit card,68.91,3233.82,2,1,No
C001308,0,13,One year,Fiber optic,Yes,Yes,Bank transfer,18.0,244.51,3,1,No
C001309,0,27,Two year,DSL,Yes,No,Electronic check,95.34,2649.62,0,0,No
C001310,0,22,One year,Fiber optic,Yes,Yes,Credit card,37.51,835.37,0,1,No
C001311,0,12,Month-to-month,Fiber optic,No,Yes,Credit card,92.51,1180.34,0,1,Yes
C001312,0,33,One year,No internet,Yes,Yes,Electronic check,62.52,2104.22,1,0,No
C001313,0,38,Month-to-month,Fiber optic,Yes,Yes,Electronic check,44.41,1818.07,0,1,No
C001314,1,3,One year,Fiber optic,Yes,No,Electronic check,18.0,55.23,0,0,No
C001315,0,42,One year,DSL,No,Yes,Bank transfer,53.98,2317.73,1,1,No
C001316,1,13,One year,No internet,No,Yes,Electronic check,40.76,440.58,0,0,No
C001317,1,36,Month-to-month,DSL,Yes,No,Electronic check,66.46,2347.48,1,0,No
C001318,0,6,Month-to-month,Fiber optic,No,No,Bank transfer,38.48,257.97,3,3,Yes
C001319,0,5,One year,No internet,No,Yes,Electronic check,83.37,403.31,1,1,Yes
C001320,0,48,Month-to-month,DSL,No,Yes,Electronic check,52.5,2504.81,1,0,No
C001321,0,27,One year,No internet,No,No,Electronic check,54.52,1435.88,0,0,No
C001322,0,28,Month-to-month,DSL,No,No,Electronic check,114.76,2869.81,0,0,Yes
C001323,0,48,Month-to-month,DSL,No,No,Bank transfer,85.07,4238.67,3,1,No
C001324,0,22,Month-to-month,Fiber optic,No,Yes,Electronic check,49.67,1219.47,1,0,No
C001325,0,25,One year,Fiber optic,No,Yes,Credit card,74.68,2058.56,2,0,No
C001326,0,8,Two year,Fiber optic,Yes,No,Electronic check,25.73,203.4,0,0,No
C001327,0,15,Two year,No internet,No,Yes,Electronic check,47.09,669.81,2,1,No
C001328,0,28,Month-to-month,Fiber optic,No,Yes,Electronic check,61.26,1661.95,0,0,No
C001329,0,18,One year,No internet,Yes,Yes,Credit card,47.24,878.13,0,1,No
C001330,0,1,Month-to-month,DSL,Yes,Yes,Bank transfer,40.8,39.91,1,1,No
C001331,1,37,One year,DSL,Yes,Yes,Electronic check,81.43,3161.05,1,0,No
C001332,0,61,Month-to-month,DSL,No,Yes,Electronic check,50.69,3150.95,1,1,No
C001333,1,31,Month-to-month,Fiber optic,No,No,Electronic check,45.57,1310.5,1,1,Yes
C001334,1,34,Month-to-month,Fiber optic,No,Yes,Bank transfer,50.73,1608.94,0,5,Yes
C001335,0,22,Month-to-month,Fiber optic,No,No,Bank transfer,49.32,1142.31,2,3,No
C001336,0,17,One year,DSL,No,Yes,Bank transfer,85.01,1521.95,0,0,Yes
C001337,0,28,One year,Fiber optic,No,No,Mailed check,72.74,2042.49,2,2,No
C001338,0,17,One year,No internet,No,Yes,Mailed check,28.54,529.17,2,1,No
C001339,0,17,Month-to-month,DSL,Yes,Yes,Bank transfer,98.5,1671.77,0,2,No
C001340,0,22,One year,DSL,Yes,No,Electronic check,92.13,1995.4,4,1,No
C001341,0,29,Month-to-month,No internet,No,Yes,Credit card,58.49,1695.39,2,2,No
C001342,1,32,One year,No internet,No,Yes,Credit card,41.11,1361.91,2,1,No
C001343,0,21,Month-to-month,No internet,Yes,No,Bank transfer,66.02,1197.87,1,1,No
C001344,0,30,One year,DSL,Yes,Yes,Electronic check,51.34,1556.03,2,1,No
C001345,0,13,Month-to-month,Fiber optic,Yes,Yes,Electronic check,78.2,1027.74,2,1,No
C001346,0,28,Month-to-month,DSL,Yes,Yes,Credit card,64.52,1718.45,2,2,No
C001347,1,8,Month-to-month,Fiber optic,No,No,Credit card,96.7,735.41,1,1,No
C001348,0,14,Month-to-month,Fiber optic,Yes,No,Bank transfer,25.51,384.37,2,1,No
C001349,0,13,Month-to-month,DSL,Yes,Yes,Credit card,50.31,636.83,1,0,No
C001350,0,62,One year,Fiber optic,No,No,Mailed check,72.38,4415.09,1,1,No
C001351,0,9,Two year,Fiber optic,Yes,Yes,Credit card,53.29,507.27,0,0,No
C001352,0,15,Month-to-month,DSL,Yes,Yes,Bank transfer,55.11,766.92,2,2,No
C001353,0,31,Month-to-month,DSL,No,Yes,Mailed check,37.09,1322.93,1,2,No
C001354,0,19,One year,Fiber optic,No,Yes,Bank transfer,112.38,2043.64,0,3,Yes
C001355,0,33,Month-to-month,DSL,No,Yes,Electronic check,60.99,1939.13,1,0,Yes
C001356,0,14,Two year,No internet,Yes,Yes,Mailed check,82.51,1056.62,1,2,No
C001357,0,44,Month-to-month,No internet,Yes,Yes,Credit card,46.3,1965.16,0,0,No
C001358,0,35,Month-to-month,No internet,No,Yes,Mailed check,54.03,1785.2,0,0,No
C001359,1,48,Month-to-month,Fiber optic,Yes,No,Bank transfer,63.61,2972.68,0,1,No
C001360,0,42,Month-to-month,DSL,No,Yes,Bank transfer,105.74,4151.14,0,0,No
C001361,0,25,Month-to-month,DSL,Yes,Yes,Credit card,99.03,2121.87,1,1,Yes
C001362,0,1,Month-to-month,DSL,No,Yes,Electronic check,116.43,124.84,0,0,Yes
C001363,0,26,One year,DSL,Yes,Yes,Bank transfer,102.71,2795.42,0,0,No
C001364,0,12,Two year,DSL,Yes,Yes,Mailed check,101.89,1272.84,0,0,No
C001365,0,32,Month-to-month,No internet,No,Yes,Electronic check,60.2,1991.71,1,0,No
C001366,0,40,One year,No internet,No,Yes,Electronic check,48.44,2010.01,1,2,No
C001367,0,17,Month-to-month,Fiber optic,No,Yes,Bank transfer,97.54,1589.87,1,0,No
C001368,0,11,One year,DSL,Yes,No,Electronic check,47.89,618.98,2,0,Yes
C001369,1,20,Month-to-month,No internet,No,Yes,Bank transfer,78.5,1515.59,6,1,Yes
C001370,0,40,Month-to-month,No internet,No,No,Mailed check,50.4,1871.15,3,1,Yes
C001371,0,62,Two year,DSL,Yes,Yes,Mailed check,39.72,2768.5,1,0,No
C001372,0,20,One year,DSL,Yes,No,Credit card,66.91,1307.6,1,0,No
C001373,0,14,Month-to-month,DSL,Yes,Yes,Electronic check,43.53,612.12,0,0,No
C001374,0,12,Month-to-month,Fiber optic,No,Yes,Bank transfer,57.91,653.5,1,0,No
C001375,0,25,Two year,No internet,Yes,Yes,Mailed check,86.86,2139.99,2,0,No
C001376,0,8,Two year,DSL,No,Yes,Electronic check,60.71,500.21,1,1,No
C001377,0,10,One year,Fiber optic,Yes,Yes,Mailed check,89.94,918.11,2,1,Yes
C001378,1,21,Two year,Fiber optic,No,Yes,Credit card,54.46,1060.7,2,1,Yes
C001379,0,8,Two year,No internet,Yes,Yes,Electronic check,73.89,618.68,1,2,No
C001380,0,12,One year,DSL,No,No,Bank transfer,40.68,465.76,3,0,No
C001381,1,14,One year,Fiber optic,Yes,No,Electronic check,97.67,1240.07,2,0,No
C001382,0,30,Month-to-month,DSL,No,No,Mailed check,18.0,569.98,2,3,Yes
C001383,0,57,Month-to-month,Fiber optic,No,No,Bank transfer,72.38,4212.04,1,1,No
C001384,0,14,One year,No internet,No,Yes,Electronic check,79.08,1092.94,2,3,Yes
C001385,0,23,Two year,No internet,No,No,Credit card,18.0,394.99,2,1,No
C001386,0,72,Month-to-month,No internet,Yes,No,Mailed check,25.28,1906.02,1,1,No
C001387,0,18,Month-to-month,DSL,No,Yes,Electronic check,28.11,498.28,1,1,Yes
C001388,0,19,Month-to-month,DSL,Yes,Yes,Electronic check,63.32,1153.92,4,1,Yes
C001389,0,8,One year,DSL,Yes,No,Credit card,58.92,487.71,1,1,No
C001390,0,2,Month-to-month,DSL,No,Yes,Credit card,57.06,116.18,0,1,Yes
C001391,1,32,One year,DSL,No,No,Mailed check,80.34,2386.41,2,2,No
C001392,0,9,Month-to-month,Fiber optic,No,Yes,Electronic check,121.05,1172.56,1,0,Yes
C001393,0,32,One year,DSL,Yes,No,Bank transfer,40.51,1166.96,1,1,No
C001394,0,24,One year,DSL,No,Yes,Electronic check,74.09,1693.14,1,0,No
C001395,1,7,Month-to-month,Fiber optic,Yes,Yes,Credit card,66.43,475.55,0,2,No
C001396,0,17,Month-to-month,Fiber optic,Yes,Yes,Electronic check,91.96,1555.96,0,0,No
C001397,1,2,Month-to-month,No internet,No,No,Electronic check,18.0,37.76,0,2,No
C001398,1,4,One year,Fiber optic,No,Yes,Electronic check,25.76,106.72,0,2,No
C001399,0,24,Month-to-month,DSL,No,No,Mailed check,38.99,802.84,1,0,No
C001400,1,5,Month-to-month,No internet,No,No,Electronic check,38.78,209.57,0,1,Yes
C001401,1,6,Month-to-month,DSL,No,Yes,Electronic check,71.19,414.65,2,0,Yes
C001402,0,15,Month-to-month,Fiber optic,Yes,Yes,Credit card,53.61,804.87,1,0,No
C001403,0,2,Two year,DSL,No,No,Credit card,18.0,34.38,2,1,No
C001404,0,30,Two year,DSL,No,Yes,Electronic check,46.99,1319.28,2,0,No
C001405,0,48,Two year,Fiber optic,No,Yes,Credit card,25.66,1280.36,0,0,No
C001406,0,35,Two year,Fiber optic,No,Yes,Mailed check,46.53,1676.79,0,2,No
C001407,0,17,One year,Fiber optic,No,No,Credit card,60.46,1044.55,2,0,No
C001408,0,33,Month-to-month,Fiber optic,Yes,No,Electronic check,45.93,1457.77,3,0,No
C001409,0,10,Two year,Fiber optic,No,No,Electronic check,95.03,1041.4,1,2,No
C001410,0,11,One year,DSL,Yes,Yes,Bank transfer,120.28,1354.72,1,0,No
C001411,1,24,One year,DSL,Yes,Yes,Mailed check,77.39,1925.68,0,1,No
C001412,0,30,One year,DSL,Yes,No,Electronic check,27.34,825.55,3,2,No
C001413,0,15,Two year,Fiber optic,Yes,Yes,Mailed check,100.12,1530.86,1,2,No
C001414,0,43,Month-to-month,DSL,No,No,Bank transfer,116.39,5361.33,0,2,Yes
C001415,1,49,One year,DSL,Yes,No,Electronic check,60.59,3160.59,0,1,Yes
C001416,0,47,Month-to-month,Fiber optic,Yes,No,Credit card,74.4,3736.14,3,0,Yes
C001417,0,1,Month-to-month,Fiber optic,No,No,Bank transfer,92.0,92.78,0,4,Yes
C001418,0,11,Month-to-month,DSL,Yes,Yes,Bank transfer,70.04,777.99,1,2,No
C001419,0,21,Month-to-month,No internet,No,Yes,Bank transfer,95.88,1876.39,3,1,Yes
C001420,1,33,Month-to-month,No internet,Yes,No,Electronic check,78.73,2572.37,1,1,Yes
C001421,0,42,Month-to-month,DSL,Yes,Yes,Bank transfer,50.17,2039.77,2,0,No
C001422,0,9,Month-to-month,Fiber optic,Yes,No,Electronic check,53.17,455.45,0,1,No
C001423,0,16,Two year,DSL,No,No,Electronic check,59.01,945.93,2,0,No
C001424,0,50,One year,DSL,No,No,Mailed check,48.43,2436.55,1,0,No
C001425,0,17,One year,DSL,No,Yes,Electronic check,97.23,1585.0,3,1,No
C001426,1,23,Two year,DSL,No,No,Electronic check,73.02,1510.91,2,1,Yes
C001427,0,32,Month-to-month,DSL,No,No,Bank transfer,60.34,1903.7,0,1,No
C001428,0,10,Month-to-month,DSL,Yes,Yes,Credit card,84.92,850.75,2,1,No
C001429,0,72,Month-to-month,Fiber optic,No,Yes,Electronic check,67.03,4924.21,1,1,Yes
C001430,0,10,Month-to-month,DSL,No,Yes,Mailed check,90.6,858.94,2,1,No
C001431,0,6,Two year,No internet,No,No,Electronic check,104.7,579.61,2,2,Yes
C001432,0,5,Month-to-month,No internet,Yes,Yes,Mailed check,69.35,308.78,1,1,Yes
C001433,0,27,One year,DSL,No,No,Bank transfer,50.79,1371.64,1,2,No
C001434,0,5,Two year,Fiber optic,No,No,Mailed check,36.29,175.19,0,2,Yes
C001435,0,24,Month-to-month,No internet,No,Yes,Electronic check,108.38,2695.47,1,0,Yes
C001436,0,26,One year,DSL,No,Yes,Bank transfer,74.5,1772.69,2,0,No
C001437,0,43,Month-to-month,Fiber optic,No,Yes,Mailed check,50.49,2345.54,2,2,Yes
C001438,0,48,Month-to-month,Fiber optic,No,Yes,Bank transfer,62.74,2979.1,1,0,No
C001439,0,29,Month-to-month,DSL,No,No,Bank transfer,37.46,1073.12,1,0,Yes
C001440,0,17,Month-to-month,DSL,No,No,Credit card,97.92,1680.19,1,1,No
C001441,0,5,Month-to-month,DSL,Yes,Yes,Mailed check,72.61,378.57,1,0,Yes
C001442,0,45,Month-to-month,Fiber optic,Yes,Yes,Credit card,56.16,2650.0,0,1,No
C001443,1,12,Two year,DSL,No,Yes,Electronic check,29.04,310.03,0,3,No
C001444,0,18,Month-to-month,Fiber optic,No,Yes,Mailed check,116.78,2031.21,0,0,Yes
C001445,0,18,Month-to-month,No internet,Yes,Yes,Electronic check,68.05,1258.11,1,0,No
C001446,0,12,Two year,DSL,No,Yes,Mailed check,18.0,223.61,0,1,No
C001447,1,19,Month-to-month,DSL,No,Yes,Credit card,51.0,982.33,0,0,No
C001448,0,55,Two year,No internet,Yes,Yes,Credit card,64.38,3354.2,0,0,No
C001449,0,31,Two year,Fiber optic,Yes,Yes,Mailed check,68.78,2187.02,3,0,No
C001450,0,42,One year,Fiber optic,Yes,Yes,Electronic check,38.4,1595.89,0,1,No
C001451,0,36,Month-to-month,DSL,No,Yes,Electronic check,93.24,3358.72,3,0,No
C001452,0,60,Month-to-month,Fiber optic,No,No,Credit card,79.35,5112.59,3,0,No
C001453,0,20,Month-to-month,Fiber optic,No,Yes,Mailed check,66.15,1315.36,2,1,No
C001454,0,16,Month-to-month,Fiber optic,Yes,Yes,Electronic check,48.94,804.87,2,1,No
C001455,0,54,Month-to-month,Fiber optic,No,Yes,Credit card,21.56,1266.78,2,0,No
C001456,1,1,Month-to-month,DSL,Yes,Yes,Mailed check,53.8,57.06,1,0,No
C001457,0,35,Two year,No internet,Yes,Yes,Mailed check,59.94,1941.58,2,1,No
C001458,0,33,Month-to-month,Fiber optic,No,Yes,Credit card,36.05,1114.14,4,1,Yes
C001459,0,24,Two year,No internet,Yes,Yes,Bank transfer,72.22,1526.42,1,0,No
C001460,0,25,One year,DSL,Yes,No,Electronic check,84.47,2246.88,3,1,No
C001461,0,11,Month-to-month,DSL,No,Yes,Credit card,53.44,582.03,2,0,Yes
C001462,0,13,One year,DSL,No,No,Mailed check,55.08,693.14,1,0,No
C001463,1,50,Month-to-month,DSL,No,No,Electronic check,64.54,3212.08,2,1,No
C001464,0,21,Month-to-month,DSL,Yes,Yes,Credit card,105.63,2063.46,2,0,No
C001465,0,46,Two year,DSL,Yes,No,Mailed check,99.9,4753.25,4,0,No
C001466,0,12,Month-to-month,DSL,No,Yes,Bank transfer,24.42,277.52,2,0,No
C001467,0,11,Month-to-month,DSL,No,Yes,Bank transfer,52.9,613.65,1,0,No
C001468,0,5,Month-to-month,No internet,No,No,Electronic check,127.4,647.31,0,0,Yes
C001469,1,4,One year,Fiber optic,No,Yes,Credit card,56.94,227.02,0,0,No
C001470,0,33,Month-to-month,No internet,No,No,Bank transfer,107.92,3681.91,2,1,Yes
C001471,0,4,Month-to-month,DSL,No,No,Electronic check,77.36,305.02,3,0,Yes
C001472,1,25,One year,DSL,No,No,Mailed check,95.93,2395.27,1,0,No
C001473,1,40,Month-to-month,No internet,No,Yes,Electronic check,56.33,2417.25,0,0,No
C001474,0,28,One year,DSL,No,Yes,Credit card,67.2,2071.91,2,0,Yes
C001475,0,12,Month-to-month,DSL,Yes,Yes,Bank transfer,78.41,972.73,1,1,No
C001476,1,38,Month-to-month,Fiber optic,Yes,No,Mailed check,64.75,2668.58,1,2,Yes
C001477,0,31,Month-to-month,DSL,Yes,No,Credit card,63.78,1792.1,2,0,Yes
C001478,0,10,One year,DSL,Yes,Yes,Credit card,100.05,1009.67,0,1,No
C001479,0,13,Two year,Fiber optic,Yes,No,Bank transfer,61.17,795.14,2,1,No
C001480,1,32,One year,Fiber optic,Yes,Yes,Electronic check,97.5,3035.31,0,0,No
C001481,0,63,Month-to-month,DSL,Yes,No,Electronic check,50.53,3288.45,2,0,No
C001482,1,18,Month-to-month,Fiber optic,No,Yes,Credit card,57.5,1155.19,3,2,Yes
C001483,0,20,Month-to-month,Fiber optic,No,Yes,Credit card,82.95,1712.44,0,3,No
C001484,0,35,Month-to-month,No internet,Yes,No,Electronic check,77.69,2905.55,0,1,No
C001485,0,13,Month-to-month,DSL,No,No,Mailed check,88.89,1252.88,0,2,No
C001486,1,31,Month-to-month,DSL,No,Yes,Mailed check,66.18,2217.95,1,0,No
C001487,1,7,Two year,Fiber optic,No,No,Electronic check,64.53,454.59,1,0,Yes
C001488,0,8,One year,DSL,Yes,Yes,Credit card,53.68,414.74,0,0,No
C001489,0,15,Two year,No internet,Yes,Yes,Mailed check,26.68,428.41,1,2,No
C001490,0,6,One year,No internet,No,No,Bank transfer,55.1,348.59,0,1,No
C001491,0,30,Month-to-month,DSL,No,No,Bank transfer,90.58,2650.39,4,0,No
C001492,0,28,Month-to-month,Fiber optic,No,No,Electronic check,63.57,1956.21,1,0,No
C001493,1,38,Month-to-month,DSL,No,Yes,Electronic check,70.19,2542.5,1,2,No
C001494,0,48,Month-to-month,No internet,No,No,Electronic check,95.72,4271.53,1,1,No
C001495,0,24,Month-to-month,DSL,Yes,Yes,Mailed check,42.81,1026.49,2,1,No
C001496,1,27,One year,DSL,Yes,Yes,Bank transfer,73.79,,0,1,No
C001497,0,35,Month-to-month,DSL,No,No,Credit card,51.6,1794.17,1,0,No
C001498,0,37,Month-to-month,Fiber optic,Yes,Yes,Credit card,92.85,3432.29,2,0,No
C001499,0,12,Month-to-month,DSL,Yes,Yes,Bank transfer,29.51,342.87,0,0,No
C001500,1,3,One year,No internet,No,Yes,Mailed check,56.7,171.25,3,2,No
C001501,0,2,One year,Fiber optic,Yes,No,Electronic check,52.83,98.02,2,0,Yes
C001502,0,4,One year,Fiber optic,No,Yes,Bank transfer,57.06,198.1,0,2,Yes
C001503,1,16,Month-to-month,Fiber optic,No,No,Electronic check,51.68,869.15,0,0,Yes
C001504,0,3,Month-to-month,Fiber optic,No,No,Bank transfer,110.97,352.08,0,1,Yes
C001505,1,13,Month-to-month,No internet,Yes,Yes,Bank transfer,59.96,821.13,4,0,No
C001506,0,19,Month-to-month,Fiber optic,Yes,Yes,Electronic check,61.69,1146.74,0,0,Yes
C001507,0,23,One year,Fiber optic,No,No,Credit card,30.21,715.42,0,1,No
C001508,0,26,Two year,DSL,Yes,Yes,Electronic check,32.98,842.75,0,3,No
C001509,0,30,One year,DSL,No,No,Electronic check,46.84,,1,1,No
C001510,1,12,Month-to-month,DSL,Yes,Yes,Credit card,35.72,399.8,0,1,No
C001511,0,17,Month-to-month,Fiber optic,Yes,No,Bank transfer,77.71,1347.25,1,2,Yes
C001512,0,29,Two year,DSL,No,No,Credit card,51.04,1443.41,1,1,No
C001513,0,21,Two year,No internet,No,No,Credit card,54.27,1190.62,2,0,No
C001514,1,48,One year,DSL,No,No,Electronic check,61.85,2989.55,1,1,No
C001515,0,45,Month-to-month,Fiber optic,Yes,Yes,Credit card,43.09,1739.89,1,0,No
C001516,0,30,Month-to-month,DSL,Yes,Yes,Mailed check,34.52,1018.74,0,0,No
C001517,0,20,One year,Fiber optic,No,No,Electronic check,48.8,922.04,0,1,No
C001518,0,19,Two year,Fiber optic,No,No,Electronic check,70.23,1374.17,1,1,No
C001519,0,19,Month-to-month,DSL,No,Yes,Electronic check,62.62,1253.53,1,0,No
C001520,0,1,Month-to-month,No internet,No,Yes,Bank transfer,44.6,41.55,1,0,Yes
C001521,0,12,Month-to-month,DSL,No,Yes,Bank transfer,103.92,1281.91,3,2,Yes
C001522,1,55,Month-to-month,DSL,Yes,Yes,Credit card,74.25,3850.18,3,1,No
C001523,0,19,Two year,Fiber optic,No,No,Electronic check,81.54,1507.41,0,0,Yes
C001524,0,26,One year,DSL,No,No,Bank transfer,102.57,2699.25,0,0,No
C001525,0,41,Two year,No internet,No,No,Electronic check,42.96,1892.86,1,0,No
C001526,0,59,Month-to-month,DSL,Yes,Yes,Electronic check,88.56,5384.22,3,0,No
C001527,0,26,Month-to-month,DSL,No,No,Bank transfer,71.45,1934.2,1,0,No
C001528,0,10,One year,Fiber optic,No,Yes,Mailed check,72.39,705.15,1,0,No
C001529,0,72,One year,No internet,No,Yes,Credit card,28.38,2031.55,5,2,No
C001530,0,5,Month-to-month,No internet,Yes,No,Electronic check,45.64,237.21,1,0,Yes
C001531,0,28,Month-to-month,DSL,No,Yes,Electronic check,65.44,1855.22,3,0,No
C001532,0,43,One year,Fiber optic,Yes,Yes,Credit card,64.2,2794.69,1,0,No
C001533,0,20,One year,Fiber optic,No,No,Credit card,102.81,2110.69,1,1,Yes
C001534,0,30,Month-to-month,Fiber optic,No,No,Electronic check,56.18,1855.52,1,0,No
C001535,0,16,Month-to-month,DSL,No,No,Electronic check,71.3,1236.65,0,3,Yes
C001536,0,31,Two year,No internet,Yes,Yes,Mailed check,57.83,1949.08,1,2,No
C001537,0,25,Month-to-month,Fiber optic,No,Yes,Electronic check,33.77,866.36,2,1,No
C001538,0,19,One year,DSL,Yes,Yes,Mailed check,56.96,1036.42,2,2,No
C001539,0,27,Month-to-month,DSL,No,No,Credit card,67.79,1709.53,0,1,No
C001540,0,11,Month-to-month,DSL,No,Yes,Bank transfer,107.48,1196.52,2,2,Yes
C001541,1,59,Month-to-month,No internet,Yes,Yes,Electronic check,95.47,5321.92,0,1,No
C001542,0,38,Month-to-month,Fiber optic,No,No,Electronic check,52.37,1768.33,3,2,No
C001543,0,20,Month-to-month,Fiber optic,No,Yes,Electronic check,43.65,860.37,2,1,Yes
C001544,1,14,Month-to-month,No internet,Yes,No,Bank transfer,64.79,1029.76,0,1,No
C001545,0,20,Month-to-month,Fiber optic,No,Yes,Electronic check,51.71,1038.78,0,0,No
C001546,0,10,Month-to-month,No internet,No,No,Credit card,125.06,1266.15,2,0,No
C001547,1,23,Month-to-month,DSL,No,Yes,Electronic check,85.96,1976.91,2,1,Yes
C001548,0,17,Two year,DSL,No,Yes,Mailed check,64.22,1106.21,1,1,No
C001549,0,8,Month-to-month,DSL,No,Yes,Bank transfer,52.51,388.68,2,0,No
C001550,0,11,Month-to-month,Fiber optic,No,No,Credit card,39.63,444.47,0,0,No
C001551,0,10,Two year,Fiber optic,No,Yes,Bank transfer,63.29,665.17,1,2,No
C001552,1,27,Month-to-month,No internet,Yes,No,Credit card,18.0,495.45,3,2,No
C001553,0,27,Month-to-month,Fiber optic,No,Yes,Mailed check,56.19,1549.73,1,0,No
C001554,0,41,Month-to-month,Fiber optic,No,No,Electronic check,54.5,,2,0,No
C001555,0,4,Month-to-month,Fiber optic,No,No,Mailed check,102.45,429.01,4,0,No
C001556,1,23,Month-to-month,Fiber optic,No,No,Bank transfer,23.12,498.25,0,1,Yes
C001557,0,24,Two year,Fiber optic,Yes,Yes,Mailed check,87.49,1862.8,1,0,No
C001558,0,17,Two year,Fiber optic,Yes,No,Credit card,57.41,951.69,2,1,No
C001559,0,10,Month-to-month,Fiber optic,No,Yes,Mailed check,84.43,846.57,0,2,Yes
C001560,0,17,Month-to-month,No internet,Yes,No,Mailed check,47.72,843.84,2,0,No
C001561,1,35,Two year,No internet,Yes,No,Mailed check,75.51,2537.17,0,0,No
C001562,0,46,Month-to-month,Fiber optic,No,Yes,Mailed check,85.94,4009.15,1,0,No
C001563,0,52,One year,DSL,No,Yes,Electronic check,127.41,6635.12,2,1,Yes
C001564,0,20,Two year,No internet,No,Yes,Electronic check,46.19,966.96,0,0,No
C001565,0,50,One year,Fiber optic,No,Yes,Bank transfer,62.58,3055.18,1,2,No
C001566,0,34,Two year,No internet,No,Yes,Bank transfer,63.17,2235.55,1,0,No
C001567,0,19,Month-to-month,Fiber optic,No,Yes,Mailed check,51.44,1024.07,1,0,No
C001568,0,12,Two year,Fiber optic,Yes,Yes,Bank transfer,63.43,751.73,2,1,No
C001569,0,21,Month-to-month,No internet,Yes,Yes,Mailed check,66.38,1386.97,0,0,No
C001570,1,51,Month-to-month,Fiber optic,No,Yes,Mailed check,57.49,2863.72,3,0,No
C001571,0,6,Month-to-month,Fiber optic,No,Yes,Electronic check,24.14,139.32,0,0,No
C001572,0,36,Month-to-month,No internet,No,No,Credit card,72.11,2508.8,1,1,Yes
C001573,0,50,One year,Fiber optic,No,No,Credit card,30.64,1440.22,1,0,No
C001574,0,43,Two year,No internet,No,Yes,Bank transfer,63.63,2862.23,0,0,No
C001575,0,14,Month-to-month,Fiber optic,Yes,No,Electronic check,90.12,1296.46,1,0,No
C001576,0,20,Month-to-month,Fiber optic,No,Yes,Bank transfer,34.88,694.94,2,4,No
C001577,1,25,Month-to-month,Fiber optic,No,Yes,Mailed check,62.56,1579.39,1,0,Yes
C001578,0,22,Month-to-month,Fiber optic,Yes,Yes,Credit card,70.52,1560.34,3,1,No
C001579,0,25,Two year,Fiber optic,No,Yes,Electronic check,64.63,1764.12,1,0,No
C001580,0,12,Two year,Fiber optic,Yes,Yes,Credit card,54.46,689.66,1,0,No
C001581,0,33,Two year,Fiber optic,No,Yes,Mailed check,66.16,2148.35,1,0,No
C001582,0,30,One year,No internet,No,No,Credit card,82.17,,1,0,No
C001583,0,58,One year,Fiber optic,No,No,Bank transfer,41.37,2175.49,0,0,No
C001584,0,20,Month-to-month,No internet,Yes,No,Electronic check,61.74,1203.13,3,0,No
C001585,0,33,Month-to-month,Fiber optic,No,Yes,Bank transfer,83.05,2625.44,0,1,No
C001586,0,21,Month-to-month,No internet,Yes,Yes,Mailed check,51.39,1103.14,2,1,Yes
C001587,0,9,Two year,DSL,No,Yes,Electronic check,36.83,321.81,0,1,No
C001588,0,40,Month-to-month,DSL,Yes,No,Electronic check,84.26,,1,1,No
C001589,0,21,Month-to-month,Fiber optic,No,Yes,Mailed check,82.56,1664.72,4,0,No
C001590,0,36,Month-to-month,DSL,No,Yes,Bank transfer,88.91,2940.34,2,2,No
C001591,0,18,Month-to-month,No internet,No,No,Mailed check,65.52,1091.18,0,2,No
C001592,0,4,One year,Fiber optic,No,Yes,Electronic check,50.21,189.83,2,1,No
C001593,0,11,Month-to-month,Fiber optic,No,Yes,Electronic check,102.45,1154.33,0,1,Yes
C001594,1,45,Month-to-month,DSL,No,Yes,Bank transfer,95.81,4389.24,1,0,Yes
C001595,0,22,Two year,Fiber optic,Yes,Yes,Mailed check,85.15,1960.49,2,1,No
C001596,0,17,Two year,No internet,No,Yes,Bank transfer,53.9,1008.66,1,0,No
C001597,0,12,One year,No internet,Yes,Yes,Mailed check,68.71,870.6,0,0,No
C001598,0,15,One year,Fiber optic,No,Yes,Electronic check,44.67,600.16,0,2,Yes
C001599,0,3,Month-to-month,Fiber optic,No,Yes,Credit card,40.67,117.83,0,1,Yes
C001600,0,20,Two year,Fiber optic,Yes,No,Electronic check,68.1,1486.37,0,2,No
C001601,0,8,One year,DSL,Yes,Yes,Electronic check,73.62,595.89,5,1,No
C001602,0,36,Month-to-month,Fiber optic,No,Yes,Mailed check,79.39,2928.18,1,1,No
C001603,0,29,Month-to-month,No internet,No,No,Mailed check,68.4,2013.35,1,0,Yes
C001604,0,7,Month-to-month,No internet,Yes,Yes,Electronic check,115.17,742.74,3,2,Yes
C001605,0,13,Month-to-month,DSL,No,Yes,Credit card,42.36,565.27,0,1,No
C001606,0,21,Month-to-month,Fiber optic,Yes,No,Electronic check,97.56,2035.16,0,0,No
C001607,1,54,Month-to-month,No internet,Yes,Yes,Electronic check,56.22,2865.91,2,0,No
C001608,0,11,Month-to-month,Fiber optic,Yes,Yes,Bank transfer,88.51,996.9,1,2,No
C001609,0,18,Month-to-month,No internet,Yes,Yes,Electronic check,43.86,870.48,2,0,No
C001610,0,6,Month-to-month,Fiber optic,No,No,Electronic check,118.98,707.58,2,1,Yes
C001611,0,15,Month-to-month,No internet,No,No,Mailed check,100.64,1399.2,0,2,No
C001612,0,19,Month-to-month,DSL,Yes,No,Electronic check,27.5,519.65,0,3,No
C001613,0,33,Month-to-month,No internet,No,Yes,Bank transfer,97.57,3055.7,2,0,No
C001614,1,11,One year,No internet,Yes,No,Electronic check,70.57,667.39,2,0,No
C001615,0,7,Month-to-month,DSL,Yes,No,Bank transfer,88.02,599.44,0,0,No
C001616,0,33,Month-to-month,Fiber optic,No,Yes,Electronic check,66.21,2237.19,2,0,No
C001617,0,38,One year,DSL,No,Yes,Bank transfer,63.01,2263.97,2,0,No
C001618,0,20,Month-to-month,Fiber optic,No,No,Credit card,33.01,657.32,1,2,No
C001619,0,21,Month-to-month,Fiber optic,No,Yes,Credit card,55.02,1147.53,3,2,Yes
C001620,0,24,One year,Fiber optic,No,Yes,Credit card,65.77,1537.82,1,2,No
C001621,1,9,One year,No internet,Yes,Yes,Mailed check,26.05,229.18,0,1,No
C001622,0,14,Two year,DSL,No,Yes,Electronic check,42.63,586.15,0,1,No
C001623,0,23,Two year,DSL,Yes,No,Mailed check,66.61,1508.45,1,0,No
C001624,1,18,One year,No internet,No,Yes,Credit card,77.2,1379.59,1,3,No
C001625,0,15,One year,DSL,Yes,Yes,Electronic check,55.5,858.04,1,2,No
C001626,0,26,Month-to-month,DSL,No,No,Bank transfer,100.2,2531.96,0,1,Yes
C001627,0,9,One year,DSL,No,Yes,Electronic check,54.07,463.26,1,3,Yes
C001628,0,33,Month-to-month,Fiber optic,No,No,Credit card,81.45,2766.86,0,1,Yes
C001629,0,26,Month-to-month,Fiber optic,Yes,No,Mailed check,98.18,2453.83,0,0,No
C001630,0,8,Month-to-month,No internet,No,No,Electronic check,47.64,428.94,1,0,No
C001631,0,31,Month-to-month,Fiber optic,No,No,Electronic check,94.45,2886.9,2,0,Yes
C001632,1,24,Month-to-month,No internet,Yes,Yes,Mailed check,63.33,1697.13,2,0,Yes
C001633,0,16,One year,Fiber optic,No,No,Credit card,46.2,750.68,1,1,No
C001634,1,55,One year,No internet,Yes,Yes,Mailed check,105.5,5910.58,0,0,No
C001635,0,19,One year,DSL,No,No,Bank transfer,106.3,2127.36,1,1,No
C001636,0,58,Month-to-month,Fiber optic,No,No,Mailed check,59.32,3528.58,2,0,No
C001637,0,11,One year,Fiber optic,Yes,Yes,Electronic check,92.68,1012.43,1,1,No
C001638,0,5,Two year,Fiber optic,Yes,Yes,Bank transfer,90.71,444.77,3,0,No
C001639,0,33,Month-to-month,Fiber optic,Yes,No,Bank transfer,66.36,2073.65,0,1,Yes
C001640,0,14,Month-to-month,No internet,No,Yes,Bank transfer,119.9,1585.95,2,1,Yes
C001641,0,7,Month-to-month,DSL,No,No,Electronic check,64.15,471.61,2,2,No
C001642,0,35,Month-to-month,DSL,No,No,Electronic check,51.08,1536.09,3,0,No
C001643,0,52,Month-to-month,Fiber optic,Yes,Yes,Electronic check,67.72,3875.97,1,1,Yes
C001644,0,20,Month-to-month,Fiber optic,Yes,Yes,Electronic check,64.42,1359.29,0,0,No
C001645,0,32,Month-to-month,DSL,No,Yes,Electronic check,56.56,1777.82,1,1,Yes
C001646,0,25,One year,DSL,No,Yes,Electronic check,60.28,1660.28,1,1,No
C001647,0,48,Month-to-month,DSL,No,Yes,Mailed check,34.79,1853.64,2,0,No
C001648,0,50,One year,DSL,No,Yes,Credit card,81.87,4361.63,2,1,No
C001649,1,26,Month-to-month,DSL,Yes,No,Bank transfer,34.28,765.56,0,1,No
C001650,0,26,One year,DSL,No,Yes,Mailed check,93.81,2153.16,1,2,No
C001651,0,32,One year,DSL,No,No,Bank transfer,84.02,2790.84,2,0,No
C001652,0,13,One year,DSL,Yes,No,Mailed check,57.75,698.13,0,1,No
C001653,0,37,Month-to-month,DSL,No,Yes,Electronic check,57.87,2190.73,1,0,No
C001654,0,27,Two year,DSL,No,Yes,Bank transfer,51.36,1352.3,2,1,No
C001655,0,30,One year,DSL,No,Yes,Bank transfer,67.35,2065.06,3,1,Yes
C001656,0,27,Month-to-month,Fiber optic,Yes,Yes,Bank transfer,109.67,2901.95,1,1,No
C001657,0,16,Month-to-month,No internet,Yes,Yes,Credit card,75.22,1202.51,1,0,No
C001658,0,4,Month-to-month,No internet,Yes,Yes,Credit card,56.98,205.03,2,0,Yes
C001659,0,35,Month-to-month,Fiber optic,Yes,Yes,Credit card,109.74,3825.35,2,2,No
C001660,0,23,Month-to-month,DSL,No,Yes,Electronic check,57.66,1255.26,0,1,No
C001661,0,31,Month-to-month,DSL,Yes,Yes,Credit card,58.79,1930.71,2,2,No
C001662,0,21,Month-to-month,Fiber optic,No,No,Bank transfer,119.24,2400.38,0,1,Yes
C001663,0,6,One year,Fiber optic,Yes,No,Bank transfer,83.59,513.76,1,2,No
C001664,0,17,Month-to-month,Fiber optic,No,Yes,Bank transfer,96.38,1690.87,2,0,No
C001665,0,7,Month-to-month,Fiber optic,Yes,No,Electronic check,82.44,570.7,3,1,Yes
C001666,0,30,Month-to-month,Fiber optic,No,Yes,Electronic check,80.41,2289.2,1,0,Yes
C001667,0,49,Month-to-month,No internet,No,Yes,Credit card,83.96,4137.29,1,0,No
C001668,0,68,Month-to-month,DSL,Yes,Yes,Bank transfer,85.93,5781.98,0,0,No
C001669,0,13,Two year,DSL,Yes,No,Credit card,120.88,1638.54,2,0,No
C001670,0,30,Month-to-month,DSL,Yes,No,Electronic check,39.19,1108.36,1,1,No
C001671,0,19,Month-to-month,Fiber optic,Yes,No,Bank transfer,18.0,317.58,2,0,No
C001672,0,2,Month-to-month,Fiber optic,No,No,Bank transfer,60.67,125.92,1,1,No
C001673,0,40,Month-to-month,DSL,No,No,Electronic check,31.58,1277.32,1,0,No
C001674,0,22,Two year,DSL,No,Yes,Bank transfer,71.24,1671.07,1,0,No
C001675,0,5,Two year,Fiber optic,Yes,Yes,Mailed check,38.61,207.75,1,0,No
C001676,0,34,Month-to-month,DSL,No,Yes,Mailed check,68.33,2062.63,1,0,No
C001677,0,46,Month-to-month,DSL,No,Yes,Electronic check,94.13,4378.91,0,1,Yes
C001678,0,18,Month-to-month,Fiber optic,No,Yes,Bank transfer,55.05,996.18,2,0,No
C001679,0,8,Month-to-month,No internet,No,No,Bank transfer,49.51,396.41,3,1,Yes
C001680,0,21,One year,Fiber optic,Yes,No,Credit card,86.56,1910.85,1,2,No
C001681,1,37,One year,Fiber optic,Yes,Yes,Credit card,49.18,2019.96,1,7,No
C001682,1,14,One year,Fiber optic,Yes,No,Credit card,65.46,903.12,2,1,Yes
C001683,0,35,One year,Fiber optic,Yes,Yes,Credit card,63.95,2212.34,1,0,No
C001684,1,29,Month-to-month,DSL,Yes,No,Bank transfer,36.28,1088.47,2,0,No
C001685,1,28,Month-to-month,DSL,No,Yes,Electronic check,90.24,2628.11,1,1,Yes
C001686,0,14,Month-to-month,Fiber optic,Yes,No,Mailed check,40.99,567.4,0,0,No
C001687,0,9,One year,Fiber optic,No,Yes,Electronic check,89.23,840.58,0,1,No
C001688,0,10,Month-to-month,DSL,Yes,No,Bank transfer,76.53,823.41,2,1,No
C001689,0,3,Month-to-month,No internet,No,Yes,Electronic check,41.46,120.01,2,0,Yes
C001690,0,40,Two year,No internet,No,No,Mailed check,58.87,2519.28,1,0,No
C001691,1,47,Month-to-month,DSL,Yes,No,Bank transfer,88.19,3938.21,1,1,No
C001692,0,12,Month-to-month,Fiber optic,Yes,Yes,Electronic check,60.45,776.92,0,0,Yes
C001693,0,17,Month-to-month,Fiber optic,No,Yes,Credit card,120.75,1936.03,2,0,Yes
C001694,0,51,Two year,DSL,Yes,Yes,Electronic check,43.31,2088.82,2,3,No
C001695,0,26,Month-to-month,Fiber optic,Yes,Yes,Mailed check,96.29,2290.84,0,1,No
C001696,0,18,Month-to-month,DSL,Yes,No,Electronic check,27.22,478.6,3,1,No
C001697,0,18,Month-to-month,No internet,Yes,Yes,Electronic check,61.07,1090.65,1,0,No
C001698,0,43,One year,DSL,No,Yes,Mailed check,91.53,3881.53,0,1,No
C001699,0,34,Month-to-month,No internet,No,Yes,Electronic check,20.94,692.64,1,0,Yes
C001700,0,40,Two year,DSL,No,Yes,Electronic check,73.83,,0,0,No
C001701,0,58,Month-to-month,DSL,Yes,Yes,Credit card,40.44,2263.83,2,0,No
C001702,0,51,One year,DSL,No,Yes,Electronic check,34.99,1733.76,0,3,No
C001703,0,9,Month-to-month,No internet,No,No,Credit card,49.36,445.23,0,2,No
C001704,0,11,Two year,No internet,Yes,No,Bank transfer,53.8,568.71,4,1,No
C001705,0,17,Month-to-month,DSL,Yes,Yes,Mailed check,55.1,939.44,1,0,No
C001706,0,24,One year,Fiber optic,No,No,Electronic check,52.54,1173.16,5,1,Yes
C001707,0,31,Two year,Fiber optic,No,Yes,Credit card,46.14,1309.21,0,1,No
C001708,1,49,Month-to-month,Fiber optic,Yes,Yes,Electronic check,18.0,915.95,0,1,No
C001709,0,19,Month-to-month,DSL,No,Yes,Credit card,99.76,1794.7,0,0,No
C001710,0,31,One year,No internet,Yes,No,Mailed check,118.34,3665.2,1,2,No
C001711,0,42,Month-to-month,DSL,No,Yes,Mailed check,78.08,3064.57,0,0,No
C001712,0,36,Month-to-month,No internet,Yes,No,Electronic check,60.11,1959.24,3,0,No
C001713,0,1,One year,DSL,No,No,Mailed check,42.97,39.24,2,1,No
C001714,0,11,Month-to-month,Fiber optic,No,Yes,Electronic check,73.73,763.36,1,1,Yes
C001715,0,11,Month-to-month,Fiber optic,No,Yes,Bank transfer,73.81,867.88,1,3,Yes
C001716,0,56,Month-to-month,Fiber optic,No,Yes,Bank transfer,45.0,2396.79,1,3,No
C001717,0,27,Month-to-month,Fiber optic,No,No,Electronic check,62.61,1701.33,1,1,Yes
C001718,1,37,Month-to-month,Fiber optic,No,Yes,Mailed check,85.07,3052.43,2,0,Yes
C001719,0,28,Month-to-month,DSL,No,No,Electronic check,74.08,2072.24,0,1,No
C001720,0,26,Month-to-month,DSL,No,Yes,Bank transfer,65.65,1572.75,2,2,No
C001721,0,5,Month-to-month,No internet,No,Yes,Electronic check,69.96,369.51,0,1,No
C001722,0,9,Month-to-month,DSL,No,No,Electronic check,49.17,444.5,1,0,No
C001723,0,26,One year,Fiber optic,Yes,Yes,Electronic check,65.52,1645.05,3,2,No
C001724,0,72,Month-to-month,DSL,Yes,No,Credit card,68.7,5143.03,3,1,No
C001725,1,15,Month-to-month,Fiber optic,No,Yes,Credit card,48.83,660.92,1,0,Yes
C001726,0,25,Month-to-month,No internet,No,Yes,Mailed check,63.99,1520.24,1,2,No
C001727,0,8,Month-to-month,Fiber optic,No,No,Credit card,89.07,721.81,1,1,Yes
C001728,0,13,Month-to-month,DSL,No,Yes,Mailed check,92.23,1300.88,1,1,Yes
C001729,0,11,Month-to-month,DSL,No,Yes,Electronic check,18.0,190.67,0,1,No
C001730,0,66,Month-to-month,DSL,Yes,Yes,Credit card,31.88,2312.81,2,0,No
C001731,0,8,One year,DSL,Yes,No,Electronic check,91.22,775.24,0,1,No
C001732,0,24,Two year,DSL,Yes,No,Credit card,77.23,1743.82,1,1,No
C001733,0,16,Two year,DSL,No,Yes,Credit card,77.59,1270.42,3,0,Yes
C001734,0,72,Month-to-month,No internet,No,No,Electronic check,32.84,2505.67,3,1,No
C001735,0,22,Month-to-month,DSL,No,No,Credit card,68.57,1412.54,0,3,No
C001736,0,39,Month-to-month,Fiber optic,Yes,Yes,Credit card,81.05,3416.25,0,3,Yes
C001737,1,64,Month-to-month,DSL,Yes,Yes,Electronic check,77.32,4464.26,2,0,No
C001738,1,35,Two year,DSL,Yes,Yes,Mailed check,49.18,1849.84,2,0,No
C001739,0,15,Month-to-month,No internet,Yes,Yes,Electronic check,52.83,840.81,1,0,No
C001740,0,22,Month-to-month,DSL,Yes,Yes,Mailed check,74.42,1787.29,2,1,No
C001741,0,13,One year,DSL,No,Yes,Mailed check,71.32,967.62,1,0,No
C001742,0,20,One year,No internet,Yes,Yes,Mailed check,98.5,1990.21,3,0,No
C001743,0,38,Month-to-month,DSL,No,Yes,Electronic check,18.0,616.15,1,2,No
C001744,0,13,Two year,DSL,No,Yes,Electronic check,52.34,747.21,4,0,No
C001745,0,27,Month-to-month,No internet,No,Yes,Electronic check,97.02,2705.15,0,1,Yes
C001746,1,65,One year,DSL,Yes,Yes,Bank transfer,38.86,2637.23,1,2,No
C001747,0,29,Month-to-month,No internet,Yes,No,Bank transfer,69.43,1934.13,0,1,No
C001748,0,45,Two year,DSL,Yes,No,Bank transfer,101.84,3955.49,0,1,No
C001749,0,40,Month-to-month,Fiber optic,No,No,Bank transfer,42.14,1724.76,1,1,Yes
C001750,1,9,Month-to-month,DSL,Yes,No,Credit card,74.91,635.26,3,0,Yes
C001751,0,2,Two year,DSL,No,No,Bank transfer,113.67,225.68,0,0,No
C001752,1,18,Two year,No internet,Yes,Yes,Electronic check,35.71,660.55,1,1,No
C001753,0,38,Two year,No internet,No,No,Electronic check,18.35,640.15,0,1,No
C001754,0,10,Two year,DSL,Yes,Yes,Bank transfer,92.57,945.34,2,2,Yes
C001755,0,27,Month-to-month,Fiber optic,No,Yes,Bank transfer,54.91,1407.94,0,0,Yes
C001756,1,27,Month-to-month,DSL,Yes,Yes,Electronic check,65.54,1700.23,2,1,No
C001757,1,22,Month-to-month,DSL,No,No,Mailed check,68.51,1566.43,1,0,No
C001758,0,20,Month-to-month,DSL,Yes,Yes,Credit card,96.96,1760.86,1,2,Yes
C001759,0,7,Two year,Fiber optic,Yes,No,Bank transfer,59.69,401.39,0,0,No
C001760,1,33,Month-to-month,Fiber optic,Yes,No,Electronic check,91.02,2943.84,2,2,No
C001761,0,19,Month-to-month,Fiber optic,Yes,No,Credit card,85.44,1711.28,3,0,Yes
C001762,0,7,Month-to-month,Fiber optic,No,Yes,Mailed check,66.53,460.71,1,0,No
C001763,0,4,Month-to-month,Fiber optic,No,Yes,Electronic check,92.49,382.37,0,0,Yes
C001764,0,33,Month-to-month,DSL,No,No,Electronic check,74.17,2274.58,1,1,No
C001765,0,25,Month-to-month,DSL,No,Yes,Credit card,64.46,1459.38,3,2,No
C001766,1,57,Two year,Fiber optic,No,No,Electronic check,130.0,,1,1,No
C001767,0,6,One year,No internet,No,No,Credit card,18.0,117.31,1,1,No
C001768,0,23,Month-to-month,Fiber optic,Yes,Yes,Electronic check,38.47,906.51,1,0,No
C001769,0,12,Two year,Fiber optic,No,Yes,Mailed check,41.72,484.82,2,0,No
C001770,0,34,One year,No internet,Yes,No,Electronic check,56.36,1833.62,1,1,No
C001771,0,26,Month-to-month,No internet,Yes,No,Electronic check,70.91,1978.59,3,0,No
C001772,0,29,Two year,Fiber optic,Yes,Yes,Electronic check,61.2,1830.4,1,0,No
C001773,0,60,Two year,Fiber optic,Yes,No,Mailed check,122.19,6667.04,3,0,No
C001774,0,30,One year,DSL,No,Yes,Bank transfer,54.03,1423.16,0,1,No
C001775,1,12,Month-to-month,Fiber optic,Yes,Yes,Mailed check,40.11,533.34,2,2,Yes
C001776,0,16,Two year,Fiber optic,Yes,Yes,Electronic check,67.03,1076.08,1,2,No
C001777,0,36,Two year,Fiber optic,No,No,Credit card,55.96,2004.4,0,1,No
C001778,0,25,Month-to-month,DSL,No,Yes,Credit card,54.63,1386.69,0,1,No
C001779,0,32,Month-to-month,No internet,Yes,Yes,Mailed check,89.18,2822.19,1,0,No
C001780,0,10,Two year,DSL,Yes,Yes,Mailed check,74.27,731.81,1,1,No
C001781,1,10,One year,Fiber optic,Yes,No,Electronic check,94.16,932.47,2,1,Yes
C001782,1,23,Month-to-month,No internet,Yes,No,Electronic check,40.45,815.22,1,1,No
C001783,0,61,One year,DSL,Yes,Yes,Mailed check,81.48,4842.94,2,1,No
C001784,0,28,Month-to-month,No internet,No,No,Electronic check,66.9,1810.02,1,3,No
C001785,0,16,Two year,Fiber optic,No,Yes,Credit card,51.3,867.63,1,1,No
C001786,0,47,Month-to-month,Fiber optic,Yes,Yes,Bank transfer,27.93,1380.75,0,0,No
C001787,0,12,Month-to-month,DSL,No,No,Electronic check,64.51,752.07,1,0,No
C001788,1,41,Month-to-month,DSL,Yes,Yes,Bank transfer,37.99,1536.36,3,0,No
C001789,0,36,Month-to-month,DSL,No,Yes,Electronic check,84.11,3023.87,0,0,No
C001790,1,31,Two year,Fiber optic,No,Yes,Credit card,77.65,2672.27,3,3,No
C001791,0,17,Month-to-month,Fiber optic,Yes,Yes,Mailed check,78.2,1405.22,0,0,Yes
C001792,0,26,Month-to-month,Fiber optic,No,Yes,Bank transfer,130.0,3225.62,0,1,Yes
C001793,0,5,Two year,Fiber optic,Yes,Yes,Electronic check,97.56,526.54,2,0,No
C001794,0,26,Month-to-month,DSL,No,Yes,Mailed check,18.0,439.39,3,0,No
C001795,0,34,Month-to-month,DSL,No,Yes,Bank transfer,80.97,2920.21,0,1,No
C001796,0,40,Two year,Fiber optic,No,No,Mailed check,71.57,2863.26,5,0,No
C001797,0,18,Month-to-month,No internet,Yes,Yes,Electronic check,71.61,1192.05,0,0,No
C001798,0,38,Two year,DSL,No,Yes,Mailed check,54.15,1992.36,1,1,No
C001799,0,10,Two year,Fiber optic,No,No,Credit card,88.94,874.29,0,0,No
C001800,0,14,Month-to-month,DSL,No,Yes,Mailed check,18.0,266.48,2,2,No
C001801,0,15,One year,No internet,No,Yes,Credit card,33.63,540.47,2,0,No
C001802,0,52,One year,DSL,Yes,No,Bank transfer,81.46,3772.97,0,1,No
C001803,0,6,One year,No internet,No,Yes,Credit card,70.98,411.06,2,1,No
C001804,1,57,Month-to-month,Fiber optic,No,No,Electronic check,88.85,5356.96,0,0,No
C001805,0,17,Month-to-month,DSL,No,Yes,Bank transfer,56.98,991.84,1,1,No
C001806,0,10,Month-to-month,Fiber optic,No,No,Mailed check,53.15,544.61,0,1,No
C001807,1,50,Month-to-month,Fiber optic,Yes,Yes,Mailed check,85.51,4415.38,3,1,No
C001808,0,34,Month-to-month,Fiber optic,No,No,Credit card,70.35,2485.57,1,0,Yes
C001809,0,16,Two year,Fiber optic,Yes,No,Electronic check,23.72,406.46,0,1,No
C001810,0,66,Two year,No internet,No,No,Mailed check,89.49,5735.87,4,3,No
C001811,0,20,Month-to-month,Fiber optic,Yes,Yes,Electronic check,39.53,681.58,1,0,Yes
C001812,0,25,One year,No internet,Yes,Yes,Credit card,88.03,2250.85,1,2,No
C001813,0,30,Month-to-month,Fiber optic,No,Yes,Credit card,70.93,2035.02,1,2,No
C001814,0,12,Month-to-month,Fiber optic,Yes,Yes,Electronic check,80.51,,1,0,No
C001815,0,29,Month-to-month,No internet,No,Yes,Electronic check,91.41,2642.93,0,0,No
C001816,0,1,Two year,DSL,No,No,Electronic check,41.34,39.26,0,1,No
C001817,0,6,Month-to-month,No internet,No,Yes,Electronic check,82.36,489.21,0,0,Yes
C001818,0,35,One year,No internet,No,Yes,Credit card,64.82,1979.54,1,1,No
C001819,0,18,Two year,No internet,No,No,Credit card,59.99,1106.6,0,1,No
C001820,0,10,Month-to-month,Fiber optic,No,No,Credit card,66.4,657.62,0,1,Yes
C001821,0,3,Two year,Fiber optic,No,Yes,Mailed check,53.84,162.27,3,1,No
C001822,0,13,Month-to-month,No internet,No,Yes,Mailed check,67.29,831.33,2,0,No
C001823,0,37,One year,Fiber optic,No,No,Bank transfer,72.26,2528.58,1,2,No
C001824,1,5,Two year,No internet,Yes,No,Credit card,50.54,265.29,0,0,No
C001825,0,40,Two year,Fiber optic,Yes,No,Electronic check,93.15,3841.41,0,0,No
C001826,0,17,Two year,No internet,Yes,Yes,Electronic check,68.62,1140.88,3,0,No
C001827,0,11,One year,Fiber optic,No,Yes,Bank transfer,39.11,396.79,1,0,No
C001828,0,27,Two year,Fiber optic,No,Yes,Electronic check,77.51,2141.73,1,1,No
C001829,0,9,Month-to-month,DSL,No,No,Credit card,79.06,685.85,2,1,No
C001830,0,10,Month-to-month,DSL,No,Yes,Electronic check,31.0,323.36,1,0,Yes
C001831,0,42,Month-to-month,DSL,Yes,Yes,Credit card,73.39,2934.72,3,1,No
C001832,0,14,Month-to-month,Fiber optic,Yes,Yes,Electronic check,56.96,800.49,2,2,No
C001833,1,28,Month-to-month,Fiber optic,Yes,Yes,Electronic check,72.57,2061.12,2,1,No
C001834,0,11,One year,No internet,No,Yes,Mailed check,62.02,655.58,0,1,No
C001835,0,23,One year,DSL,No,Yes,Bank transfer,75.78,1786.26,2,1,No
C001836,1,8,Month-to-month,DSL,No,Yes,Credit card,70.79,516.86,1,1,No
C001837,1,17,Two year,No internet,Yes,Yes,Mailed check,18.0,327.51,1,1,No
C001838,0,31,Month-to-month,Fiber optic,No,Yes,Credit card,68.18,2047.27,3,1,No
C001839,1,17,Month-to-month,DSL,Yes,Yes,Credit card,79.75,1312.73,2,2,No
C001840,1,12,Two year,Fiber optic,Yes,No,Credit card,84.0,990.37,0,2,No
C001841,0,10,Two year,DSL,No,Yes,Mailed check,96.73,940.23,1,0,No
C001842,0,9,One year,No internet,No,Yes,Mailed check,74.6,639.02,0,0,No
C001843,0,7,Month-to-month,DSL,Yes,Yes,Electronic check,98.56,692.89,0,0,No
C001844,0,26,Month-to-month,No internet,Yes,Yes,Mailed check,87.4,2173.8,0,0,No
C001845,0,13,Two year,Fiber optic,No,No,Mailed check,54.63,692.76,1,1,No
C001846,0,70,Month-to-month,No internet,No,No,Electronic check,49.14,,1,0,Yes
C001847,0,11,Two year,DSL,Yes,No,Credit card,97.68,1054.02,1,1,No
C001848,0,17,One year,No internet,Yes,No,Electronic check,83.58,1344.23,2,1,No
C001849,0,32,Month-to-month,DSL,No,Yes,Electronic check,23.2,771.79,3,1,Yes
C001850,0,34,Two year,Fiber optic,No,No,Electronic check,40.31,1518.12,2,0,No
C001851,0,7,Month-to-month,Fiber optic,Yes,Yes,Electronic check,94.89,636.36,1,1,No
C001852,0,52,One year,Fiber optic,Yes,Yes,Bank transfer,70.19,3811.13,1,2,No
C001853,0,29,One year,Fiber optic,Yes,No,Mailed check,23.75,655.39,1,1,No
C001854,0,32,Month-to-month,Fiber optic,No,No,Mailed check,77.14,2412.37,2,0,Yes
C001855,0,44,Month-to-month,DSL,No,Yes,Mailed check,90.66,3708.04,0,0,No
C001856,0,21,One year,DSL,Yes,Yes,Credit card,82.35,1658.65,0,0,No
C001857,0,26,Month-to-month,Fiber optic,No,No,Mailed check,65.08,1605.55,2,0,No
C001858,0,24,Month-to-month,Fiber optic,No,Yes,Mailed check,61.4,1454.62,1,1,No
C001859,0,30,Two year,Fiber optic,No,Yes,Bank transfer,53.16,1552.98,1,0,No
C001860,1,9,Two year,Fiber optic,Yes,No,Credit card,53.55,539.94,1,0,No
C001861,0,28,Month-to-month,No internet,Yes,No,Credit card,72.97,1925.23,2,0,No
C001862,0,9,Two year,DSL,Yes,No,Credit card,128.41,1189.84,0,0,No
C001863,0,26,Month-to-month,No internet,Yes,No,Electronic check,130.0,3521.13,2,0,Yes
C001864,0,59,Month-to-month,DSL,No,No,Credit card,62.12,3263.26,1,0,Yes
C001865,0,10,Two year,Fiber optic,No,Yes,Credit card,29.69,265.34,0,0,No
C001866,0,19,Month-to-month,No internet,No,Yes,Electronic check,63.96,1269.08,0,2,Yes
C001867,0,5,One year,DSL,Yes,Yes,Credit card,59.3,274.28,2,1,No
C001868,0,11,Two year,Fiber optic,No,Yes,Credit card,60.06,644.32,2,1,No
C001869,0,21,Month-to-month,DSL,Yes,Yes,Bank transfer,25.06,441.65,2,1,No
C001870,0,24,Month-to-month,DSL,No,Yes,Bank transfer,64.46,1439.99,1,1,No
C001871,0,19,Two year,Fiber optic,Yes,No,Credit card,50.21,934.3,3,0,No
C001872,0,11,One year,Fiber optic,No,Yes,Credit card,67.37,785.47,2,2,No
C001873,1,13,Two year,DSL,Yes,Yes,Credit card,28.04,405.81,0,1,No
C001874,0,58,Month-to-month,No internet,No,Yes,Electronic check,67.07,3727.06,3,1,Yes
C001875,0,34,One year,DSL,No,No,Electronic check,36.25,1330.62,0,1,No
C001876,0,28,Two year,DSL,No,No,Electronic check,45.63,1270.8,3,0,No
C001877,0,25,Month-to-month,DSL,Yes,Yes,Mailed check,50.14,1230.08,1,1,No
C001878,0,42,Month-to-month,Fiber optic,No,No,Electronic check,52.64,2171.59,3,0,No
C001879,0,11,Month-to-month,DSL,No,Yes,Bank transfer,52.7,568.82,1,1,No
C001880,0,62,Month-to-month,DSL,Yes,Yes,Credit card,52.29,2938.11,0,2,No
C001881,0,21,Month-to-month,DSL,Yes,Yes,Credit card,50.99,1060.82,1,1,No
C001882,0,32,Month-to-month,DSL,No,No,Electronic check,48.85,,2,3,Yes
C001883,0,16,Month-to-month,Fiber optic,No,Yes,Bank transfer,51.96,844.11,2,2,No
C001884,0,24,One year,Fiber optic,Yes,No,Electronic check,57.55,1593.96,1,2,No
C001885,0,43,Month-to-month,Fiber optic,Yes,No,Credit card,112.65,4451.9,0,2,No
C001886,0,7,One year,Fiber optic,No,No,Electronic check,88.84,679.24,2,0,Yes
C001887,1,10,Month-to-month,DSL,No,No,Electronic check,51.41,478.03,1,2,Yes
C001888,1,9,Month-to-month,DSL,Yes,Yes,Electronic check,32.34,284.07,1,0,No
C001889,0,11,One year,DSL,No,Yes,Electronic check,94.21,1094.06,0,0,No
C001890,1,1,Month-to-month,No internet,Yes,Yes,Bank transfer,65.84,67.52,0,0,No
C001891,0,21,One year,Fiber optic,No,Yes,Electronic check,74.85,1674.71,0,0,No
C001892,0,52,Month-to-month,DSL,No,Yes,Bank transfer,94.85,5300.22,0,1,No
C001893,1,9,One year,DSL,Yes,Yes,Credit card,19.12,168.53,0,0,No
C001894,0,21,Two year,No internet,No,Yes,Mailed check,51.15,1036.37,1,0,No
C001895,0,4,Month-to-month,Fiber optic,No,Yes,Mailed check,70.79,292.4,0,0,Yes
C001896,0,34,Month-to-month,Fiber optic,Yes,No,Credit card,100.62,3508.72,0,0,Yes
C001897,0,1,One year,No internet,No,Yes,Electronic check,64.13,70.27,0,2,No
C001898,0,14,Month-to-month,DSL,No,Yes,Credit card,68.12,830.33,3,0,Yes
C001899,0,7,Two year,Fiber optic,Yes,No,Bank transfer,65.28,482.5,1,0,No
C001900,0,7,Month-to-month,DSL,Yes,Yes,Electronic check,65.15,467.57,0,1,No
C001901,0,23,Month-to-month,Fiber optic,Yes,No,Electronic check,69.92,1574.04,2,0,No
C001902,0,72,One year,DSL,No,No,Bank transfer,52.05,3554.79,0,1,No
C001903,0,16,Two year,Fiber optic,No,Yes,Electronic check,48.59,738.38,2,1,No
C001904,0,42,One year,DSL,No,Yes,Credit card,56.78,2266.12,3,0,No
C001905,0,15,Two year,Fiber optic,Yes,Yes,Credit card,81.61,1335.03,0,2,Yes
C001906,0,44,Month-to-month,Fiber optic,No,Yes,Bank transfer,95.04,4172.31,0,1,No
C001907,0,13,Month-to-month,No internet,Yes,Yes,Credit card,69.41,884.78,3,1,Yes
C001908,0,30,One year,DSL,Yes,Yes,Bank transfer,59.46,1782.91,1,0,No
C001909,0,7,Two year,DSL,No,No,Credit card,96.57,695.82,0,0,No
C001910,0,27,One year,DSL,No,Yes,Mailed check,79.98,2246.76,0,0,No
C001911,0,13,One year,Fiber optic,No,Yes,Mailed check,84.39,1092.3,1,1,No
C001912,0,4,Month-to-month,No internet,Yes,Yes,Bank transfer,63.15,248.72,0,1,No
C001913,0,58,One year,DSL,Yes,Yes,Mailed check,55.9,3083.59,0,0,No
C001914,0,18,One year,DSL,No,No,Electronic check,78.3,1400.87,2,0,No
C001915,0,13,Two year,DSL,No,Yes,Electronic check,62.35,801.25,1,1,Yes
C001916,0,28,Two year,No internet,No,Yes,Mailed check,95.14,2558.21,2,0,No
C001917,0,21,One year,DSL,Yes,Yes,Mailed check,44.45,913.25,0,3,No
C001918,1,22,Two year,DSL,No,No,Bank transfer,74.38,1750.52,0,1,No
C001919,0,31,Month-to-month,Fiber optic,Yes,No,Credit card,66.69,2156.43,1,0,No
C001920,0,8,One year,No internet,No,No,Credit card,41.19,333.85,1,1,No
C001921,0,3,Month-to-month,Fiber optic,Yes,Yes,Credit card,57.5,184.02,2,1,No
C001922,1,14,One year,DSL,No,No,Mailed check,40.37,567.39,1,1,No
C001923,0,4,Month-to-month,Fiber optic,No,Yes,Mailed check,57.56,245.12,1,0,Yes
C001924,0,18,Month-to-month,Fiber optic,Yes,No,Credit card,59.64,1069.22,1,1,No
C001925,0,18,Two year,No internet,Yes,Yes,Electronic check,130.0,2530.92,2,0,No
C001926,0,10,Month-to-month,Fiber optic,No,Yes,Bank transfer,40.59,417.52,2,0,No
C001927,0,1,Month-to-month,DSL,No,Yes,Mailed check,82.19,80.45,0,1,No
C001928,0,39,Month-to-month,Fiber optic,No,Yes,Bank transfer,54.92,1986.26,1,0,Yes
C001929,0,8,Two year,Fiber optic,No,Yes,Bank transfer,75.24,604.83,0,1,No
C001930,0,11,Month-to-month,Fiber optic,Yes,No,Bank transfer,57.93,640.63,1,1,Yes
C001931,0,16,Two year,Fiber optic,Yes,No,Electronic check,46.45,693.51,1,3,No
C001932,1,17,Month-to-month,No internet,No,Yes,Electronic check,101.48,1698.21,2,1,No
C001933,0,17,Month-to-month,No internet,No,Yes,Credit card,93.87,,0,0,No
C001934,0,16,One year,No internet,Yes,Yes,Credit card,23.32,377.96,0,3,No
C001935,0,20,One year,Fiber optic,No,Yes,Mailed check,62.68,1155.67,0,1,No
C001936,0,20,Two year,DSL,Yes,No,Bank transfer,57.46,1144.55,1,0,No
C001937,0,30,Two year,DSL,No,Yes,Electronic check,26.99,898.01,1,0,No
C001938,0,33,Month-to-month,DSL,No,Yes,Mailed check,70.39,2447.9,1,0,No
C001939,0,43,One year,Fiber optic,No,No,Bank transfer,78.75,3371.25,0,4,No
C001940,0,36,One year,Fiber optic,No,Yes,Bank transfer,67.48,2639.95,2,1,No
C001941,0,5,Month-to-month,No internet,No,No,Electronic check,77.62,378.39,2,0,Yes
C001942,1,21,One year,No internet,No,Yes,Electronic check,109.87,2413.01,1,1,No
C001943,0,19,Two year,DSL,Yes,Yes,Credit card,55.13,1063.14,1,0,No
C001944,0,6,Month-to-month,DSL,No,Yes,Credit card,97.11,566.29,1,0,No
C001945,0,17,Two year,DSL,Yes,Yes,Electronic check,120.08,2094.91,1,1,No
C001946,0,20,Month-to-month,Fiber optic,Yes,Yes,Credit card,18.0,408.91,1,0,No
C001947,0,72,Month-to-month,No internet,No,Yes,Credit card,60.74,4141.03,0,1,No
C001948,0,8,One year,Fiber optic,Yes,Yes,Electronic check,99.74,754.33,1,1,Yes
C001949,1,5,Month-to-month,Fiber optic,No,Yes,Credit card,74.72,409.78,3,0,Yes
C001950,0,47,One year,DSL,No,Yes,Mailed check,51.31,2313.62,2,0,No
C001951,0,20,Month-to-month,No internet,No,Yes,Electronic check,101.58,2012.37,0,0,Yes
C001952,0,4,Month-to-month,No internet,No,No,Electronic check,88.27,342.65,1,1,Yes
C001953,0,19,One year,Fiber optic,No,No,Bank transfer,26.82,,1,0,No
C001954,0,8,One year,DSL,No,Yes,Bank transfer,86.7,711.37,1,0,No
C001955,0,18,Month-to-month,Fiber optic,Yes,Yes,Mailed check,61.97,1046.53,1,0,No
C001956,0,11,Month-to-month,Fiber optic,Yes,No,Electronic check,71.43,735.84,2,1,No
C001957,0,2,Two year,No internet,No,No,Credit card,37.47,73.63,1,0,No
C001958,0,34,Two year,DSL,No,Yes,Electronic check,79.86,2794.64,2,1,No
C001959,0,16,Two year,Fiber optic,No,Yes,Electronic check,70.51,1220.08,1,0,No
C001960,1,25,Month-to-month,DSL,No,Yes,Bank transfer,43.26,1076.68,0,2,No
C001961,0,23,Month-to-month,DSL,Yes,No,Electronic check,58.18,1406.76,1,0,Yes
C001962,0,17,Month-to-month,DSL,No,Yes,Credit card,101.6,1861.54,0,0,No
C001963,0,34,Month-to-month,No internet,No,No,Bank transfer,104.33,3635.27,1,3,No
C001964,0,13,Month-to-month,Fiber optic,No,No,Credit card,29.72,404.46,0,5,Yes
C001965,0,10,Month-to-month,Fiber optic,Yes,No,Electronic check,78.98,778.26,0,1,Yes
C001966,0,14,Month-to-month,Fiber optic,Yes,Yes,Mailed check,59.17,748.03,2,1,No
C001967,0,34,Month-to-month,DSL,No,No,Electronic check,53.93,1912.94,1,0,No
C001968,0,21,Month-to-month,Fiber optic,No,Yes,Electronic check,72.69,1420.76,1,2,Yes
C001969,0,35,Month-to-month,Fiber optic,Yes,Yes,Mailed check,104.01,3751.05,0,2,No
C001970,0,46,One year,DSL,No,No,Credit card,80.2,3500.71,2,1,No
C001971,0,8,One year,Fiber optic,No,No,Mailed check,42.95,318.93,0,0,No
C001972,0,12,Two year,No internet,Yes,Yes,Credit card,67.96,807.56,3,0,No
C001973,0,8,Two year,DSL,Yes,No,Electronic check,77.68,573.4,1,2,No
C001974,0,21,One year,No internet,No,Yes,Electronic check,94.06,1978.98,2,0,No
C001975,0,72,Two year,DSL,No,No,Electronic check,64.98,4612.86,1,1,No
C001976,0,21,Month-to-month,DSL,No,Yes,Credit card,70.05,1447.99,3,0,No
C001977,0,16,One year,No internet,No,Yes,Electronic check,72.49,1260.43,0,1,No
C001978,0,21,Month-to-month,No internet,Yes,No,Mailed check,82.76,1816.38,1,1,No
C001979,0,33,Month-to-month,DSL,No,Yes,Bank transfer,20.34,659.9,0,2,No
C001980,0,10,Two year,Fiber optic,No,Yes,Electronic check,101.0,1055.75,1,3,Yes
C001981,0,25,One year,Fiber optic,Yes,Yes,Credit card,74.66,1905.26,4,0,No
C001982,0,17,Month-to-month,Fiber optic,No,Yes,Credit card,67.01,1113.99,1,0,No
C001983,0,31,One year,Fiber optic,No,Yes,Electronic check,39.87,1135.03,0,1,No
C001984,0,13,Month-to-month,Fiber optic,Yes,No,Electronic check,73.25,909.08,0,1,No
C001985,0,45,Two year,DSL,Yes,Yes,Bank transfer,115.55,5783.76,0,2,No
C001986,0,32,Month-to-month,Fiber optic,No,Yes,Mailed check,52.08,1667.04,0,0,No
C001987,0,21,Month-to-month,Fiber optic,No,Yes,Bank transfer,26.59,575.36,1,1,No
C001988,0,5,Month-to-month,Fiber optic,No,Yes,Bank transfer,77.59,425.94,1,0,Yes
C001989,0,67,Month-to-month,Fiber optic,Yes,Yes,Credit card,67.46,4315.02,2,0,No
C001990,0,16,Two year,Fiber optic,No,Yes,Bank transfer,65.58,1113.45,0,1,No
C001991,0,21,Month-to-month,DSL,No,Yes,Electronic check,29.18,519.19,3,1,Yes
C001992,0,22,Month-to-month,DSL,No,No,Bank transfer,77.17,1590.25,0,0,No
C001993,1,5,One year,DSL,No,Yes,Mailed check,82.56,358.76,2,0,No
C001994,1,35,One year,Fiber optic,Yes,Yes,Credit card,18.0,627.79,3,0,No
C001995,0,19,One year,Fiber optic,No,Yes,Mailed check,70.73,1341.5,2,1,Yes
C001996,0,40,Month-to-month,No internet,Yes,Yes,Electronic check,85.66,3268.35,3,0,No
C001997,1,21,Month-to-month,No internet,Yes,No,Credit card,44.56,897.39,1,1,No
C001998,0,14,Two year,DSL,No,No,Electronic check,18.0,294.82,1,1,No
C001999,0,15,Month-to-month,Fiber optic,No,Yes,Credit card,69.05,1057.8,3,4,No
C002000,0,23,Month-to-month,Fiber optic,No,Yes,Bank transfer,119.72,2832.0,1,2,Yes
C002001,1,8,Month-to-month,Fiber optic,No,Yes,Bank transfer,75.72,,2,0,Yes
C002002,0,5,Month-to-month,No internet,No,No,Bank transfer,122.52,582.45,2,2,Yes
C002003,0,16,Two year,Fiber optic,Yes,Yes,Credit card,75.19,1213.84,3,0,No
C002004,0,26,One year,DSL,No,Yes,Credit card,61.37,1561.01,0,1,No
C002005,0,21,One year,Fiber optic,Yes,Yes,Bank transfer,47.55,985.66,2,0,No
C002006,0,44,Month-to-month,DSL,Yes,No,Electronic check,101.82,4390.5,1,2,No
C002007,0,37,One year,Fiber optic,Yes,No,Mailed check,33.88,1121.83,0,1,No
C002008,0,45,One year,DSL,Yes,Yes,Electronic check,51.64,2368.32,1,1,No
C002009,0,22,Month-to-month,Fiber optic,No,No,Electronic check,56.48,1255.22,2,1,Yes
C002010,1,24,Month-to-month,Fiber optic,No,Yes,Mailed check,74.13,1832.48,0,3,Yes
C002011,1,31,Month-to-month,Fiber optic,Yes,No,Mailed check,67.99,2189.15,2,1,No
C002012,1,28,One year,Fiber optic,Yes,No,Electronic check,30.13,932.0,1,2,No
C002013,0,21,One year,Fiber optic,Yes,Yes,Electronic check,37.72,771.44,0,0,No
C002014,1,39,One year,Fiber optic,Yes,No,Electronic check,109.3,4303.11,1,0,No
C002015,0,35,Month-to-month,DSL,Yes,No,Electronic check,69.03,2603.93,1,1,No
C002016,0,11,Two year,Fiber optic,No,Yes,Bank transfer,66.88,717.69,1,0,No
C002017,0,39,Month-to-month,Fiber optic,No,Yes,Electronic check,58.23,2419.5,1,2,Yes
C002018,0,13,Two year,Fiber optic,No,Yes,Electronic check,73.87,930.16,1,1,No
C002019,0,16,One year,Fiber optic,Yes,Yes,Electronic check,48.28,750.05,3,0,No
C002020,0,40,Month-to-month,DSL,No,Yes,Bank transfer,94.47,3527.93,5,0,Yes
C002021,0,20,Two year,No internet,Yes,Yes,Electronic check,88.08,1742.92,1,0,No
C002022,0,20,One year,No internet,Yes,No,Electronic check,66.64,1492.82,0,0,No
C002023,1,39,One year,No internet,Yes,No,Credit card,89.62,3865.7,0,0,No
C002024,1,11,Month-to-month,Fiber optic,No,No,Mailed check,62.84,693.37,1,0,Yes
C002025,0,12,One year,No internet,No,No,Credit card,56.42,696.17,1,0,No
C002026,0,10,Month-to-month,No internet,Yes,Yes,Electronic check,91.39,974.05,0,4,No
C002027,0,24,Month-to-month,Fiber optic,No,No,Electronic check,64.58,1448.93,2,0,Yes
C002028,0,14,Month-to-month,No internet,Yes,No,Bank transfer,46.76,637.14,0,0,No
C002029,0,10,Month-to-month,No internet,No,No,Electronic check,106.34,1049.19,0,0,Yes
C002030,0,25,Month-to-month,DSL,No,No,Credit card,62.32,1381.71,1,1,Yes
C002031,0,26,One year,DSL,Yes,No,Electronic check,78.12,1931.66,2,1,No
C002032,1,23,Month-to-month,Fiber optic,Yes,No,Credit card,104.38,2306.38,1,1,Yes
C002033,0,49,Month-to-month,Fiber optic,No,Yes,Bank transfer,35.46,1699.11,2,1,No
C002034,0,43,Two year,Fiber optic,No,Yes,Bank transfer,59.28,2509.73,0,0,No
C002035,0,54,Month-to-month,Fiber optic,No,Yes,Electronic check,90.95,4236.58,0,2,No
C002036,0,22,Month-to-month,No internet,No,No,Credit card,59.6,1341.48,1,1,No
C002037,0,25,Month-to-month,No internet,Yes,Yes,Mailed check,55.9,1351.77,1,1,No
C002038,0,3,Month-to-month,DSL,Yes,Yes,Mailed check,63.33,194.61,3,1,Yes
C002039,0,21,Month-to-month,DSL,No,No,Electronic check,59.49,1288.96,1,1,Yes
C002040,0,61,One year,No internet,Yes,Yes,Electronic check,59.23,3562.45,0,0,No
C002041,0,9,Month-to-month,Fiber optic,Yes,No,Credit card,77.02,763.9,1,2,Yes
C002042,0,43,Two year,DSL,No,No,Credit card,69.23,2665.57,1,1,No
C002043,0,21,Two year,Fiber optic,Yes,Yes,Mailed check,109.68,2288.01,1,0,No
C002044,0,72,One year,DSL,No,Yes,Bank transfer,75.09,5409.56,0,2,No
C002045,1,30,Month-to-month,Fiber optic,No,No,Bank transfer,108.5,3518.01,2,0,Yes
C002046,0,10,Month-to-month,No internet,Yes,Yes,Mailed check,70.44,697.42,0,1,No
C002047,0,50,Month-to-month,DSL,Yes,Yes,Mailed check,110.18,5663.82,1,0,No
C002048,0,22,Month-to-month,No internet,No,Yes,Bank transfer,63.82,1413.85,0,0,No
C002049,0,38,Two year,Fiber optic,No,No,Electronic check,97.4,4134.8,3,0,Yes
C002050,1,10,Month-to-month,No internet,Yes,Yes,Bank transfer,71.18,694.83,2,1,No
C002051,0,13,One year,No internet,Yes,No,Mailed check,107.2,1314.1,0,2,No
C002052,0,6,One year,DSL,No,Yes,Mailed check,47.79,277.14,0,0,No
C002053,0,12,Month-to-month,Fiber optic,No,No,Electronic check,55.72,682.51,0,1,Yes
C002054,0,36,Month-to-month,No internet,No,Yes,Credit card,76.91,2991.46,1,0,No
C002055,0,35,One year,DSL,No,No,Electronic check,43.42,1300.89,1,1,No
C002056,0,15,One year,Fiber optic,No,No,Bank transfer,103.49,1427.3,1,2,Yes
C002057,0,24,Month-to-month,DSL,No,Yes,Bank transfer,62.81,1627.82,0,0,No
C002058,0,10,Two year,DSL,No,Yes,Electronic check,80.34,779.93,0,1,No
C002059,0,36,Month-to-month,DSL,No,Yes,Credit card,92.64,3175.61,0,1,No
C002060,0,7,Month-to-month,DSL,No,No,Electronic check,82.2,557.3,2,0,Yes
C002061,0,11,Month-to-month,No internet,No,No,Electronic check,49.08,509.24,1,0,No
C002062,0,9,One year,DSL,No,Yes,Electronic check,34.37,288.41,0,0,No
C002063,1,51,Month-to-month,Fiber optic,No,Yes,Bank transfer,25.87,1320.59,0,2,No
C002064,0,7,Month-to-month,Fiber optic,Yes,Yes,Bank transfer,44.87,298.45,0,0,No
C002065,0,31,One year,Fiber optic,Yes,No,Bank transfer,48.65,1655.68,0,2,No
C002066,0,19,Month-to-month,No internet,Yes,Yes,Credit card,47.54,765.48,3,0,Yes
C002067,0,25,One year,Fiber optic,No,No,Electronic check,78.49,2016.68,0,0,No
C002068,0,5,One year,No internet,Yes,No,Bank transfer,33.58,160.16,1,1,No
C002069,0,16,One year,DSL,No,Yes,Mailed check,27.07,474.55,1,0,No
C002070,0,24,Month-to-month,Fiber optic,No,No,Bank transfer,71.51,1608.26,2,1,Yes
C002071,0,39,One year,DSL,No,Yes,Mailed check,111.35,4453.93,1,1,No
C002072,0,13,Month-to-month,No internet,Yes,Yes,Electronic check,44.24,628.5,2,1,No
C002073,0,16,Month-to-month,Fiber optic,Yes,Yes,Electronic check,64.18,1056.83,2,0,Yes
C002074,0,72,Month-to-month,DSL,No,Yes,Electronic check,65.79,4539.23,2,1,No
C002075,0,12,Month-to-month,No internet,No,Yes,Mailed check,93.97,1110.65,0,3,Yes
C002076,1,19,Month-to-month,Fiber optic,Yes,Yes,Electronic check,88.43,1692.85,1,1,Yes
C002077,0,18,One year,Fiber optic,No,No,Mailed check,56.07,1093.26,0,0,No
C002078,0,22,One year,DSL,Yes,Yes,Bank transfer,89.8,1984.17,1,0,No
C002079,0,26,Month-to-month,No internet,Yes,No,Electronic check,68.74,1845.97,1,0,No
C002080,0,26,Month-to-month,Fiber optic,No,No,Credit card,86.98,2103.15,0,1,Yes
C002081,0,17,Month-to-month,No internet,No,No,Mailed check,111.87,1901.08,2,2,No
C002082,0,19,Month-to-month,DSL,No,No,Mailed check,18.0,366.04,4,1,No
C002083,0,16,One year,Fiber optic,Yes,Yes,Mailed check,31.87,499.22,0,0,No
C002084,0,9,Two year,Fiber optic,No,Yes,Credit card,33.53,291.79,1,1,No
C002085,0,12,Month-to-month,Fiber optic,Yes,Yes,Bank transfer,36.26,423.49,0,0,No
C002086,0,34,Two year,Fiber optic,No,Yes,Credit card,69.54,2517.38,1,1,Yes
C002087,0,22,Two year,No internet,Yes,Yes,Electronic check,69.93,1579.12,1,1,No
C002088,0,6,Month-to-month,No internet,No,No,Credit card,109.89,672.35,2,1,Yes
C002089,0,18,One year,DSL,Yes,No,Electronic check,101.92,1747.4,1,2,No
C002090,1,48,Two year,No internet,No,Yes,Credit card,74.04,3165.83,2,0,No
C002091,1,22,One year,DSL,No,No,Electronic check,63.67,1483.08,1,0,No
C002092,0,63,Month-to-month,DSL,No,Yes,Credit card,83.35,5092.28,1,0,No
C002093,1,39,One year,DSL,Yes,Yes,Bank transfer,77.39,3158.3,2,1,No
C002094,1,19,Two year,DSL,No,No,Bank transfer,55.17,1076.09,1,2,No
C002095,1,11,Month-to-month,Fiber optic,Yes,Yes,Mailed check,83.9,886.77,1,1,No
C002096,1,10,Month-to-month,Fiber optic,Yes,Yes,Mailed check,54.31,505.21,1,2,Yes
C002097,0,27,Month-to-month,Fiber optic,Yes,Yes,Electronic check,64.47,1829.37,0,0,No
C002098,0,3,Two year,Fiber optic,No,No,Electronic check,62.98,164.24,1,0,No
C002099,0,31,One year,No internet,Yes,No,Bank transfer,52.05,1382.22,3,1,Yes
C002100,1,36,Month-to-month,Fiber optic,No,No,Electronic check,50.73,1988.39,3,1,No
C002101,0,28,One year,Fiber optic,No,No,Electronic check,68.29,1809.28,2,0,No
C002102,0,17,One year,No internet,No,No,Electronic check,63.65,1088.9,1,1,No
C002103,0,9,Month-to-month,DSL,No,Yes,Electronic check,36.24,345.4,2,1,Yes
C002104,0,8,Month-to-month,No internet,Yes,Yes,Electronic check,107.71,965.12,0,1,No
C002105,0,6,One year,DSL,No,No,Mailed check,108.63,609.49,1,5,Yes
C002106,0,13,Month-to-month,DSL,No,No,Credit card,107.19,1372.03,3,0,No
C002107,1,34,Month-to-month,No internet,No,No,Bank transfer,95.6,3410.93,3,0,No
C002108,0,25,Two year,DSL,No,No,Bank transfer,64.22,1596.87,1,0,No
C002109,1,26,One year,DSL,Yes,No,Electronic check,43.28,1066.58,1,2,No
C002110,0,2,Month-to-month,Fiber optic,No,Yes,Bank transfer,41.51,87.31,0,0,No
C002111,0,39,Month-to-month,DSL,No,Yes,Credit card,23.73,826.96,1,0,No
C002112,0,36,Month-to-month,Fiber optic,No,Yes,Credit card,58.48,2218.66,4,0,Yes
C002113,0,22,Two year,Fiber optic,Yes,Yes,Bank transfer,24.04,524.82,2,0,No
C002114,0,39,One year,DSL,No,No,Bank transfer,69.14,2682.64,0,0,No
C002115,1,67,Two year,Fiber optic,Yes,Yes,Credit card,73.04,4667.0,3,0,No
C002116,0,12,One year,Fiber optic,Yes,Yes,Electronic check,53.15,625.11,3,0,No
C002117,0,35,One year,DSL,No,Yes,Credit card,53.09,1964.97,1,0,No
C002118,0,15,Month-to-month,Fiber optic,No,Yes,Bank transfer,64.81,981.72,1,0,Yes
C002119,1,11,One year,Fiber optic,Yes,Yes,Bank transfer,80.32,938.16,2,1,No
C002120,0,25,Month-to-month,DSL,No,No,Mailed check,58.06,1494.43,0,1,No
C002121,0,36,Month-to-month,No internet,No,No,Electronic check,108.0,3779.18,1,0,No
C002122,0,43,Month-to-month,Fiber optic,No,No,Electronic check,44.43,1869.39,0,2,No
C002123,0,18,One year,DSL,Yes,Yes,Bank transfer,51.14,918.39,1,2,No
C002124,0,42,Month-to-month,DSL,Yes,Yes,Electronic check,54.45,2213.49,1,0,No
C002125,0,7,Month-to-month,DSL,No,No,Credit card,61.3,462.62,2,1,No
C002126,0,4,Month-to-month,DSL,No,Yes,Electronic check,71.52,264.87,2,2,Yes
C002127,0,25,Month-to-month,DSL,Yes,Yes,Credit card,79.6,2183.13,0,0,No
C002128,0,20,Two year,DSL,Yes,No,Mailed check,58.17,1108.89,2,1,No
C002129,0,40,One year,DSL,No,No,Electronic check,105.1,3959.13,1,4,No
C002130,0,18,One year,Fiber optic,Yes,Yes,Electronic check,20.59,368.03,1,3,Yes
C002131,0,50,Month-to-month,DSL,Yes,Yes,Mailed check,72.69,3335.57,1,0,No
C002132,0,46,Month-to-month,DSL,Yes,Yes,Mailed check,67.18,3380.21,0,1,No
C002133,1,19,Month-to-month,DSL,Yes,Yes,Electronic check,32.64,677.42,1,1,No
C002134,0,20,Two year,DSL,Yes,Yes,Electronic check,30.95,668.59,0,2,No
C002135,1,14,Month-to-month,DSL,Yes,No,Credit card,68.57,1055.87,1,1,No
C002136,0,5,One year,Fiber optic,Yes,Yes,Mailed check,94.05,502.87,2,0,No
C002137,0,8,Month-to-month,No internet,No,No,Bank transfer,75.69,536.24,1,0,No
C002138,0,11,Month-to-month,No internet,Yes,No,Bank transfer,63.88,727.05,0,0,No
C002139,1,21,One year,Fiber optic,Yes,Yes,Electronic check,58.06,1160.79,2,0,No
C002140,0,7,Month-to-month,Fiber optic,No,Yes,Credit card,53.68,393.08,0,0,No
C002141,0,20,Month-to-month,Fiber optic,No,No,Electronic check,55.95,1094.49,2,0,Yes
C002142,1,54,Month-to-month,Fiber optic,No,No,Electronic check,81.32,4250.92,0,0,No
C002143,0,27,One year,No internet,Yes,No,Electronic check,91.92,2332.47,1,0,No
C002144,1,20,Month-to-month,Fiber optic,No,No,Electronic check,78.97,1625.54,3,0,No
C002145,1,34,One year,Fiber optic,Yes,Yes,Electronic check,48.84,1760.58,0,2,No
C002146,0,20,Month-to-month,Fiber optic,No,No,Bank transfer,79.59,1480.37,0,0,No
C002147,0,24,One year,Fiber optic,No,Yes,Bank transfer,90.78,2215.99,0,0,No
C002148,0,42,Month-to-month,Fiber optic,No,Yes,Electronic check,20.92,897.73,3,1,No
C002149,0,9,Month-to-month,DSL,Yes,No,Credit card,73.33,652.12,4,0,No
C002150,0,17,Two year,No internet,No,Yes,Bank transfer,52.37,875.08,1,0,No
C002151,0,34,One year,DSL,No,No,Bank transfer,68.34,2475.56,3,1,No
C002152,0,11,One year,Fiber optic,No,No,Credit card,34.47,406.98,2,0,No
C002153,0,19,Month-to-month,Fiber optic,No,No,Mailed check,39.68,783.08,1,5,Yes
C002154,0,12,Two year,No internet,Yes,No,Electronic check,62.73,780.55,4,1,No
C002155,0,29,Month-to-month,DSL,No,No,Credit card,52.04,1569.84,0,0,No
C002156,0,18,Two year,Fiber optic,Yes,Yes,Credit card,53.42,923.38,1,0,No
C002157,1,8,Two year,DSL,No,Yes,Electronic check,43.93,348.24,1,0,No
C002158,0,12,One year,DSL,Yes,Yes,Mailed check,76.02,909.69,3,0,No
C002159,0,28,Two year,DSL,Yes,Yes,Electronic check,91.43,2406.1,0,0,No
C002160,0,26,Month-to-month,Fiber optic,Yes,Yes,Credit card,41.97,1137.43,0,0,Yes
C002161,0,5,One year,DSL,No,No,Electronic check,71.67,396.81,0,2,No
C002162,0,39,Month-to-month,No internet,Yes,No,Credit card,54.56,2375.44,0,0,No
C002163,0,46,Two year,DSL,No,Yes,Electronic check,71.56,3231.36,2,1,No
C002164,0,22,Two year,DSL,No,Yes,Bank transfer,92.37,1964.82,0,0,No
C002165,0,7,Month-to-month,DSL,Yes,No,Bank transfer,71.52,474.14,0,1,No
C002166,0,13,Month-to-month,DSL,Yes,Yes,Bank transfer,62.35,839.51,0,1,No
C002167,0,44,One year,No internet,No,Yes,Electronic check,39.8,1734.61,0,1,No
C002168,0,12,One year,No internet,Yes,No,Mailed check,92.54,1181.73,0,4,Yes
C002169,0,22,Month-to-month,No internet,Yes,No,Electronic check,105.18,2151.68,0,1,No
C002170,0,40,Two year,DSL,Yes,Yes,Electronic check,18.76,753.73,1,1,No
C002171,0,29,Month-to-month,No internet,Yes,No,Electronic check,79.35,2207.23,0,2,No
C002172,0,23,Two year,DSL,No,Yes,Electronic check,61.03,1418.38,0,1,No
C002173,0,19,One year,DSL,No,Yes,Credit card,34.31,640.22,2,2,No
C002174,1,25,Month-to-month,Fiber optic,Yes,Yes,Bank transfer,107.23,2372.46,3,1,Yes
C002175,0,18,Month-to-month,DSL,Yes,No,Electronic check,78.03,1466.51,1,0,No
C002176,0,1,Month-to-month,DSL,No,Yes,Mailed check,115.97,115.77,2,0,No
C002177,0,69,Month-to-month,No internet,Yes,Yes,Electronic check,46.13,3198.76,1,1,No
C002178,0,12,One year,Fiber optic,Yes,No,Electronic check,53.92,640.62,3,0,No
C002179,0,6,One year,Fiber optic,No,Yes,Bank transfer,28.85,162.49,2,1,No
C002180,0,23,Two year,Fiber optic,Yes,No,Bank transfer,66.93,1534.72,2,0,No
C002181,0,19,Month-to-month,DSL,Yes,Yes,Bank transfer,24.35,481.86,0,1,No
C002182,1,12,Two year,Fiber optic,Yes,Yes,Credit card,57.49,754.96,0,4,No
C002183,0,10,Month-to-month,DSL,No,No,Credit card,92.99,937.28,1,2,Yes
C002184,0,11,Two year,DSL,Yes,Yes,Credit card,78.13,827.94,1,0,No
C002185,0,15,Two year,DSL,No,No,Mailed check,88.61,1415.61,2,2,No
C002186,0,25,Month-to-month,Fiber optic,No,No,Bank transfer,68.35,1679.63,1,1,No
C002187,0,3,Two year,DSL,No,No,Electronic check,83.76,246.58,0,0,No
C002188,0,61,One year,DSL,No,Yes,Credit card,62.29,3779.56,0,0,No
C002189,1,25,One year,No internet,No,No,Electronic check,34.49,889.66,2,1,No
C002190,0,21,Two year,No internet,No,No,Credit card,76.82,1489.62,0,0,No
C002191,0,29,Month-to-month,Fiber optic,Yes,No,Electronic check,63.65,1849.55,2,0,No
C002192,0,63,Month-to-month,DSL,Yes,No,Credit card,45.85,2866.1,0,2,No
C002193,0,51,Month-to-month,Fiber optic,No,No,Mailed check,38.33,1895.45,0,1,No
C002194,1,34,Two year,Fiber optic,No,Yes,Credit card,94.52,,1,0,Yes
C002195,0,71,Two year,Fiber optic,No,No,Mailed check,25.17,1612.03,2,2,No
C002196,0,4,Month-to-month,DSL,Yes,No,Credit card,44.9,178.42,2,0,No
C002197,0,11,One year,DSL,No,No,Bank transfer,73.88,818.54,1,2,No
C002198,0,12,Month-to-month,Fiber optic,No,Yes,Bank transfer,79.89,966.12,1,1,No
C002199,0,33,Month-to-month,DSL,No,Yes,Credit card,70.85,2532.66,0,0,No
C002200,0,31,Month-to-month,No internet,Yes,Yes,Electronic check,28.42,767.58,1,3,Yes
C002201,0,15,One year,Fiber optic,Yes,Yes,Credit card,91.5,1338.74,0,1,No
C002202,0,43,Month-to-month,Fiber optic,Yes,No,Mailed check,62.38,2531.12,1,0,No
C002203,0,22,Month-to-month,No internet,No,No,Bank transfer,29.44,590.51,1,1,No
C002204,0,9,Month-to-month,Fiber optic,Yes,No,Bank transfer,91.35,789.1,0,0,No
C002205,0,20,Month-to-month,DSL,No,No,Mailed check,62.73,1279.03,1,0,Yes
C002206,0,6,One year,DSL,No,No,Mailed check,20.5,120.35,4,3,Yes
C002207,0,43,Month-to-month,No internet,No,No,Credit card,18.0,859.17,0,1,No
C002208,0,31,Month-to-month,DSL,No,Yes,Mailed check,61.15,1716.14,1,1,No
C002209,0,12,One year,DSL,Yes,Yes,Credit card,49.7,605.56,0,0,No
C002210,0,25,Month-to-month,Fiber optic,Yes,No,Electronic check,71.63,1814.99,1,0,Yes
C002211,1,28,Month-to-month,No internet,Yes,No,Bank transfer,68.67,1928.43,2,1,No
C002212,0,23,Two year,No internet,No,No,Bank transfer,46.08,1095.63,0,1,No
C002213,0,43,Two year,Fiber optic,No,Yes,Mailed check,75.42,3182.94,1,1,No
C002214,0,47,Two year,Fiber optic,No,No,Electronic check,70.5,3400.48,2,0,No
C002215,0,6,Month-to-month,Fiber optic,No,Yes,Credit card,39.33,231.74,0,2,Yes
C002216,0,17,One year,DSL,No,No,Bank transfer,84.11,1384.06,2,0,No
C002217,0,32,Month-to-month,Fiber optic,Yes,Yes,Mailed check,69.92,2108.66,0,0,No
C002218,1,7,Month-to-month,DSL,No,Yes,Electronic check,60.57,412.1,2,0,No
C002219,0,33,Month-to-month,Fiber optic,No,Yes,Credit card,73.51,2521.68,0,0,No
C002220,0,1,Two year,DSL,No,Yes,Credit card,45.46,44.02,3,1,No
C002221,0,18,Two year,DSL,No,Yes,Credit card,45.74,856.17,2,0,No
C002222,0,23,Month-to-month,No internet,Yes,Yes,Credit card,62.42,1416.02,2,0,Yes
C002223,0,53,Month-to-month,DSL,No,Yes,Electronic check,42.19,2230.19,2,1,No
C002224,0,26,Two year,Fiber optic,Yes,Yes,Bank transfer,101.91,2845.88,2,1,No
C002225,0,44,Two year,DSL,Yes,No,Mailed check,71.08,2905.56,0,0,No
C002226,0,26,Month-to-month,No internet,No,No,Mailed check,82.7,2135.26,2,1,No
C002227,0,9,Month-to-month,DSL,No,Yes,Mailed check,108.7,,2,1,Yes
C002228,0,41,Month-to-month,Fiber optic,No,No,Bank transfer,100.29,4242.1,2,2,Yes
C002229,0,34,One year,No internet,Yes,No,Credit card,116.24,4034.71,4,1,No
C002230,0,17,Month-to-month,DSL,No,No,Mailed check,44.47,817.05,3,2,Yes
C002231,0,12,Month-to-month,DSL,No,Yes,Mailed check,105.4,1230.28,3,0,No
C002232,0,12,Month-to-month,DSL,No,No,Bank transfer,55.42,669.18,1,1,No
C002233,0,44,Month-to-month,DSL,Yes,Yes,Bank transfer,60.44,2933.2,1,1,No
C002234,0,58,Month-to-month,Fiber optic,Yes,No,Mailed check,70.63,3814.84,3,1,No
C002235,0,55,Month-to-month,Fiber optic,No,Yes,Bank transfer,67.64,3839.56,0,1,Yes
C002236,1,34,Two year,No internet,Yes,Yes,Bank transfer,65.2,2294.27,3,0,No
C002237,0,20,Month-to-month,Fiber optic,Yes,No,Bank transfer,73.23,1492.55,1,0,No
C002238,1,64,One year,Fiber optic,Yes,No,Electronic check,102.77,6744.09,2,2,No
C002239,0,25,One year,DSL,No,No,Bank transfer,18.0,428.08,1,1,No
C002240,0,17,Month-to-month,DSL,No,Yes,Mailed check,30.31,520.16,0,2,No
C002241,1,7,One year,No internet,No,Yes,Credit card,34.22,238.05,1,1,No
C002242,1,8,Month-to-month,No internet,No,No,Bank transfer,73.03,597.51,0,0,No
C002243,0,36,One year,Fiber optic,No,Yes,Credit card,68.52,2492.14,0,2,No
C002244,0,16,One year,Fiber optic,No,Yes,Credit card,75.28,1336.03,2,1,No
C002245,0,4,One year,Fiber optic,No,Yes,Electronic check,111.95,474.6,1,2,No
C002246,0,52,Month-to-month,DSL,No,No,Electronic check,66.67,3902.32,1,0,No
C002247,1,19,Two year,DSL,No,Yes,Bank transfer,31.31,630.97,1,1,No
C002248,0,8,Two year,Fiber optic,No,Yes,Electronic check,76.43,628.01,1,1,No
C002249,0,33,One year,No internet,Yes,Yes,Credit card,110.08,3797.99,1,0,No
C002250,0,7,One year,No internet,Yes,No,Bank transfer,114.1,862.22,0,0,No
C002251,0,10,Month-to-month,Fiber optic,No,Yes,Mailed check,64.41,615.18,2,0,Yes
C002252,0,8,Two year,DSL,No,Yes,Bank transfer,69.71,510.18,1,2,No
C002253,0,11,One year,DSL,No,Yes,Electronic check,74.03,747.92,1,1,Yes
C002254,1,8,Two year,DSL,Yes,No,Bank transfer,80.55,674.48,2,0,No
C002255,0,8,Month-to-month,No internet,No,No,Credit card,62.57,491.63,1,1,No
C002256,1,32,Two year,DSL,No,Yes,Electronic check,54.48,1717.52,2,2,Yes
C002257,0,20,Month-to-month,No internet,Yes,Yes,Credit card,103.81,2094.5,2,2,Yes
C002258,0,15,Month-to-month,DSL,Yes,Yes,Electronic check,103.34,1625.44,0,0,Yes
C002259,0,7,Month-to-month,No internet,No,Yes,Mailed check,66.52,455.96,2,2,Yes
C002260,0,33,Month-to-month,Fiber optic,Yes,No,Credit card,51.84,1633.31,2,1,No
C002261,0,55,One year,No internet,Yes,No,Credit card,50.91,2724.89,2,0,No
C002262,0,23,Month-to-month,Fiber optic,No,No,Mailed check,38.17,918.65,2,1,No
C002263,1,19,Month-to-month,Fiber optic,Yes,Yes,Credit card,36.11,679.97,4,0,No
C002264,0,13,Month-to-month,DSL,No,No,Electronic check,59.37,800.31,2,2,No
C002265,0,32,Two year,DSL,No,Yes,Bank transfer,48.5,1646.91,1,1,No
C002266,0,32,Month-to-month,Fiber optic,No,Yes,Mailed check,72.77,2296.81,1,1,No
C002267,0,28,Month-to-month,No internet,No,Yes,Credit card,53.56,1430.62,2,0,No
C002268,0,38,Two year,No internet,Yes,Yes,Electronic check,43.62,1541.48,3,0,No
C002269,0,14,One year,Fiber optic,No,Yes,Electronic check,56.59,768.94,2,1,Yes
C002270,0,11,One year,Fiber optic,No,Yes,Mailed check,18.0,186.27,1,1,Yes
C002271,0,46,Two year,DSL,No,Yes,Electronic check,74.85,3486.63,0,2,No
C002272,0,32,Month-to-month,No internet,Yes,Yes,Bank transfer,60.07,1777.73,1,1,No
C002273,0,34,One year,Fiber optic,Yes,Yes,Credit card,99.33,3413.29,3,1,No
C002274,0,8,One year,Fiber optic,No,No,Credit card,55.06,430.07,0,1,No
C002275,1,39,One year,No internet,No,No,Electronic check,62.27,2541.04,1,0,No
C002276,0,45,One year,DSL,Yes,Yes,Mailed check,43.79,1845.33,0,1,No
C002277,0,21,Month-to-month,Fiber optic,No,No,Credit card,116.6,2462.77,0,0,Yes
C002278,0,12,Month-to-month,Fiber optic,No,No,Electronic check,72.63,907.86,1,1,No
C002279,0,26,One year,Fiber optic,No,No,Bank transfer,95.61,2254.44,0,1,No
C002280,0,11,One year,DSL,Yes,Yes,Electronic check,57.76,648.12,0,2,No
C002281,0,12,Month-to-month,Fiber optic,No,No,Credit card,80.22,931.3,1,1,No
C002282,1,39,Month-to-month,No internet,No,Yes,Bank transfer,42.92,1582.97,3,1,No
C002283,0,16,Month-to-month,Fiber optic,Yes,Yes,Credit card,50.91,742.3,1,1,No
C002284,0,3,Month-to-month,DSL,Yes,Yes,Electronic check,58.53,176.05,1,0,No
C002285,1,22,One year,No internet,No,Yes,Bank transfer,44.21,937.56,3,1,No
C002286,0,23,Month-to-month,DSL,No,No,Mailed check,83.53,1876.9,2,1,No
C002287,1,13,Two year,DSL,Yes,Yes,Electronic check,86.19,1167.22,2,2,No
C002288,0,9,Month-to-month,No internet,Yes,Yes,Mailed check,94.67,700.04,1,1,No
C002289,0,17,Month-to-month,Fiber optic,No,Yes,Bank transfer,43.62,778.89,1,0,Yes
C002290,0,11,Month-to-month,DSL,Yes,Yes,Bank transfer,51.63,642.35,3,2,Yes
C002291,0,31,One year,No internet,No,Yes,Bank transfer,64.68,1993.3,1,0,No
C002292,0,55,One year,Fiber optic,No,No,Electronic check,81.56,4373.41,2,2,No
C002293,0,19,Month-to-month,DSL,No,No,Mailed check,35.05,660.43,0,2,No
C002294,0,39,Two year,DSL,No,No,Mailed check,59.14,2422.51,3,1,No
C002295,0,16,One year,No internet,Yes,No,Credit card,90.61,1654.76,1,0,No
C002296,0,47,Month-to-month,No internet,No,No,Credit card,68.01,3036.83,1,1,Yes
C002297,0,18,Two year,DSL,No,No,Mailed check,62.97,929.37,2,1,No
C002298,0,11,Month-to-month,Fiber optic,No,No,Mailed check,38.18,426.45,2,2,Yes
C002299,0,5,Two year,Fiber optic,No,No,Electronic check,57.43,285.19,2,1,Yes
C002300,1,24,Month-to-month,DSL,No,No,Bank transfer,82.39,1954.14,1,1,No
C002301,0,35,Two year,DSL,Yes,Yes,Electronic check,90.19,3108.38,3,0,No
C002302,0,49,Month-to-month,Fiber optic,Yes,Yes,Credit card,24.7,1052.97,2,2,No
C002303,0,39,One year,No internet,No,Yes,Mailed check,75.08,2974.26,0,0,No
C002304,0,24,Month-to-month,Fiber optic,No,Yes,Electronic check,56.49,1295.14,1,0,No
C002305,0,57,Month-to-month,DSL,Yes,Yes,Electronic check,42.64,2465.71,0,0,No
C002306,0,12,One year,No internet,No,Yes,Credit card,109.96,1278.85,1,2,No
C002307,0,35,Month-to-month,Fiber optic,No,No,Electronic check,81.41,2691.51,0,1,Yes
C002308,0,16,Month-to-month,DSL,Yes,Yes,Mailed check,39.0,555.77,3,1,No
C002309,0,16,Month-to-month,DSL,Yes,No,Credit card,40.42,697.65,2,0,Yes
C002310,0,44,One year,DSL,No,No,Credit card,69.45,3033.58,0,1,No
C002311,0,51,Month-to-month,Fiber optic,No,No,Mailed check,29.23,1517.63,1,3,No
C002312,0,11,Month-to-month,Fiber optic,Yes,Yes,Electronic check,60.07,718.84,0,1,Yes
C002313,0,53,Month-to-month,DSL,Yes,Yes,Mailed check,77.09,4196.0,1,1,No
C002314,0,50,Month-to-month,No internet,No,No,Mailed check,32.93,1665.79,0,0,No
C002315,0,14,Two year,Fiber optic,Yes,Yes,Credit card,69.17,834.98,1,2,No
C002316,0,24,Month-to-month,Fiber optic,No,No,Mailed check,75.41,1926.51,1,2,Yes
C002317,0,6,One year,No internet,No,No,Credit card,48.96,308.2,3,0,No
C002318,0,2,One year,Fiber optic,No,Yes,Credit card,73.91,137.74,0,0,No
C002319,0,27,Two year,No internet,No,No,Credit card,80.85,1981.89,0,0,No
C002320,1,19,Month-to-month,No internet,Yes,Yes,Mailed check,75.13,1455.7,3,0,Yes
C002321,0,15,Month-to-month,Fiber optic,No,Yes,Mailed check,48.54,718.8,1,1,Yes
C002322,0,28,Month-to-month,Fiber optic,No,No,Mailed check,85.46,2588.8,1,1,Yes
C002323,0,11,Month-to-month,Fiber optic,Yes,Yes,Bank transfer,56.78,574.46,3,0,Yes
C002324,0,25,Month-to-month,Fiber optic,Yes,Yes,Credit card,69.78,1732.49,1,1,Yes
C002325,0,48,Two year,No internet,Yes,Yes,Credit card,66.23,3289.5,1,0,No
C002326,0,67,One year,DSL,No,Yes,Electronic check,64.61,4430.78,2,0,No
C002327,0,19,Month-to-month,Fiber optic,No,Yes,Bank transfer,18.0,316.16,0,1,No
C002328,0,10,Month-to-month,DSL,No,No,Mailed check,89.93,821.26,2,0,Yes
C002329,1,16,One year,No internet,Yes,No,Credit card,76.31,1184.08,2,0,No
C002330,0,23,Month-to-month,No internet,Yes,Yes,Electronic check,67.79,1749.54,5,0,No
C002331,1,27,Month-to-month,Fiber optic,Yes,Yes,Credit card,79.51,2038.83,0,0,No
C002332,0,7,Two year,Fiber optic,No,No,Bank transfer,54.51,370.18,1,1,No
C002333,0,51,Two year,DSL,No,Yes,Electronic check,61.1,3265.19,0,0,Yes
C002334,0,56,Two year,No internet,No,No,Electronic check,76.92,4409.82,2,2,Yes
C002335,0,25,Two year,Fiber optic,Yes,No,Electronic check,18.0,484.87,2,1,No
C002336,0,15,Month-to-month,No internet,No,No,Mailed check,46.66,669.8,1,1,No
C002337,1,22,Month-to-month,Fiber optic,No,Yes,Credit card,50.21,1058.21,2,0,No
C002338,1,53,One year,Fiber optic,No,Yes,Credit card,57.28,3173.13,2,1,No
C002339,0,38,Month-to-month,Fiber optic,No,No,Bank transfer,51.59,1928.16,1,2,No
C002340,0,32,One year,No internet,Yes,Yes,Electronic check,45.8,1460.1,1,0,No
C002341,0,5,Month-to-month,No internet,No,Yes,Credit card,70.47,330.2,1,1,No
C002342,0,12,Month-to-month,DSL,Yes,No,Credit card,83.54,954.0,0,0,No
C002343,0,16,One year,Fiber optic,No,Yes,Electronic check,75.54,1149.41,1,0,No
C002344,1,6,Month-to-month,No internet,No,No,Bank transfer,89.31,514.51,0,1,Yes
C002345,0,17,One year,Fiber optic,Yes,Yes,Bank transfer,76.96,1249.95,0,3,No
C002346,0,33,One year,No internet,Yes,Yes,Bank transfer,100.35,3239.23,1,0,No
C002347,0,28,Two year,Fiber optic,Yes,No,Bank transfer,103.0,,5,0,No
C002348,1,13,One year,No internet,No,No,Electronic check,53.5,737.08,0,1,Yes
C002349,1,19,Two year,DSL,No,Yes,Electronic check,44.96,940.01,0,0,No
C002350,0,9,One year,DSL,No,No,Electronic check,50.22,441.77,1,0,No
C002351,0,32,Two year,DSL,No,Yes,Bank transfer,56.16,,0,1,No
C002352,0,3,Two year,Fiber optic,Yes,Yes,Electronic check,82.22,252.96,2,0,No
C002353,0,5,Month-to-month,Fiber optic,No,Yes,Electronic check,77.24,334.4,2,1,Yes
C002354,0,3,Month-to-month,No internet,No,Yes,Electronic check,69.82,212.15,1,1,No
C002355,0,9,Month-to-month,No internet,Yes,No,Electronic check,48.44,397.92,0,2,Yes
C002356,0,43,Month-to-month,DSL,No,Yes,Mailed check,54.5,2486.34,0,1,No
C002357,0,21,Month-to-month,No internet,No,Yes,Electronic check,59.82,1213.98,2,0,No
C002358,1,19,Two year,Fiber optic,No,Yes,Mailed check,70.01,1448.65,0,0,No
C002359,0,27,Month-to-month,No internet,Yes,Yes,Electronic check,18.0,524.89,2,1,No
C002360,0,13,Month-to-month,Fiber optic,No,Yes,Credit card,70.71,890.08,1,2,Yes
C002361,0,9,One year,Fiber optic,Yes,Yes,Electronic check,76.59,647.96,1,2,No
C002362,0,41,Month-to-month,DSL,No,Yes,Credit card,47.13,2047.96,1,1,No
C002363,0,6,Month-to-month,Fiber optic,Yes,Yes,Bank transfer,99.15,562.73,3,1,No
C002364,0,11,Two year,DSL,No,Yes,Electronic check,83.32,909.43,1,0,No
C002365,0,51,One year,DSL,No,Yes,Mailed check,81.58,4389.3,3,0,No
C002366,0,37,Month-to-month,DSL,No,Yes,Mailed check,26.15,957.83,3,0,No
C002367,0,24,Month-to-month,Fiber optic,No,Yes,Mailed check,83.89,2092.35,1,2,Yes
C002368,0,4,Month-to-month,Fiber optic,No,No,Bank transfer,68.39,303.79,1,1,Yes
C002369,0,42,Two year,Fiber optic,Yes,No,Electronic check,69.44,2968.2,1,2,No
C002370,0,20,One year,Fiber optic,No,Yes,Electronic check,18.0,373.91,0,1,No
C002371,0,25,Month-to-month,No internet,Yes,Yes,Bank transfer,27.01,650.77,2,1,No
C002372,0,14,One year,No internet,No,Yes,Electronic check,57.23,,1,1,No
C002373,0,29,Month-to-month,Fiber optic,No,Yes,Credit card,32.09,,1,1,No
C002374,1,10,One year,DSL,Yes,No,Mailed check,96.4,963.01,1,1,Yes
C002375,1,34,Month-to-month,Fiber optic,No,Yes,Electronic check,37.35,1307.41,3,2,No
C002376,0,72,Month-to-month,Fiber optic,Yes,No,Bank transfer,82.65,5952.63,3,0,No
C002377,0,17,Month-to-month,DSL,No,Yes,Electronic check,73.49,1202.23,1,1,No
C002378,0,4,Month-to-month,DSL,No,Yes,Credit card,130.0,500.69,1,2,No
C002379,1,15,Two year,DSL,Yes,Yes,Credit card,65.95,991.59,1,2,No
C002380,0,11,Two year,Fiber optic,No,Yes,Credit card,100.82,1048.77,1,2,No
C002381,1,32,One year,DSL,No,Yes,Credit card,54.08,1587.99,1,1,No
C002382,0,19,One year,Fiber optic,No,No,Electronic check,37.0,712.06,1,0,No
C002383,0,28,Month-to-month,Fiber optic,No,No,Electronic check,73.4,2047.47,0,0,Yes
C002384,0,17,Month-to-month,DSL,No,No,Mailed check,95.87,1680.37,1,1,No
C002385,0,13,Two year,DSL,No,No,Mailed check,51.7,649.44,1,3,No
C002386,0,21,Two year,No internet,No,No,Mailed check,90.15,1873.7,1,1,No
C002387,0,35,Month-to-month,Fiber optic,No,Yes,Bank transfer,79.09,2612.94,0,1,No
C002388,0,3,One year,DSL,No,No,Credit card,65.26,190.84,0,1,No
C002389,1,51,Two year,Fiber optic,Yes,Yes,Credit card,70.0,3737.48,0,0,No
C002390,0,11,Two year,Fiber optic,No,No,Credit card,68.29,824.82,3,1,No
C002391,0,3,Month-to-month,DSL,No,Yes,Bank transfer,50.22,147.86,1,1,No
C002392,0,54,One year,Fiber optic,No,Yes,Credit card,68.57,3791.8,1,0,No
C002393,0,72,Month-to-month,DSL,No,No,Electronic check,75.23,5172.86,3,0,No
C002394,0,44,Month-to-month,Fiber optic,No,No,Electronic check,47.14,1893.05,2,0,Yes
C002395,0,25,Month-to-month,No internet,Yes,Yes,Mailed check,18.0,434.21,3,0,No
C002396,0,35,Month-to-month,DSL,Yes,Yes,Credit card,80.67,2778.41,2,0,No
C002397,0,21,Month-to-month,DSL,No,No,Mailed check,48.48,997.67,1,1,No
C002398,0,19,One year,DSL,Yes,Yes,Electronic check,78.61,1420.72,3,1,No
C002399,1,10,One year,Fiber optic,No,Yes,Electronic check,44.2,445.67,4,1,No
C002400,0,33,Two year,DSL,No,Yes,Electronic check,74.44,2613.83,0,1,No
C002401,1,20,Month-to-month,Fiber optic,Yes,No,Credit card,59.48,1149.85,2,0,No
C002402,0,9,Month-to-month,No internet,Yes,Yes,Electronic check,57.21,526.0,1,1,No
C002403,1,10,One year,Fiber optic,No,Yes,Credit card,63.78,657.92,3,2,Yes
C002404,0,28,Two year,Fiber optic,Yes,Yes,Credit card,73.73,2180.53,1,0,No
C002405,0,8,Month-to-month,DSL,No,No,Credit card,22.28,184.72,1,0,No
C002406,0,60,Month-to-month,Fiber optic,Yes,Yes,Credit card,95.33,6040.14,1,0,No
C002407,0,72,One year,DSL,No,No,Electronic check,89.76,6479.53,1,1,No
C002408,0,28,Two year,Fiber optic,Yes,Yes,Electronic check,72.92,1886.77,3,0,No
C002409,0,72,Two year,DSL,No,Yes,Electronic check,25.21,1697.82,0,1,No
C002410,0,28,Two year,DSL,No,Yes,Electronic check,85.6,2330.63,4,1,Yes
C002411,1,11,Month-to-month,No internet,Yes,No,Credit card,65.12,674.7,1,1,No
C002412,0,1,Month-to-month,No internet,No,No,Electronic check,105.11,100.28,2,2,Yes
C002413,0,8,Two year,DSL,No,Yes,Bank transfer,53.81,424.85,1,1,No
C002414,0,51,One year,No internet,No,Yes,Electronic check,60.38,3069.11,1,2,No
C002415,0,8,Two year,DSL,Yes,Yes,Mailed check,89.06,694.24,1,0,No
C002416,0,17,Month-to-month,DSL,Yes,Yes,Mailed check,18.0,,0,1,No
C002417,0,35,Month-to-month,No internet,No,Yes,Bank transfer,55.49,2156.94,1,1,No
C002418,0,17,Month-to-month,No internet,No,Yes,Electronic check,60.75,972.2,2,1,No
C002419,1,25,Two year,Fiber optic,No,No,Electronic check,18.0,435.0,2,0,No
C002420,0,37,Two year,Fiber optic,Yes,Yes,Electronic check,41.99,1446.57,1,1,No
C002421,0,21,Month-to-month,Fiber optic,No,Yes,Electronic check,70.76,1581.0,1,1,Yes
C002422,1,25,Two year,No internet,Yes,Yes,Credit card,73.28,1922.45,1,0,No
C002423,0,16,Month-to-month,DSL,No,Yes,Credit card,105.44,1554.9,0,0,Yes
C002424,0,6,Month-to-month,DSL,Yes,No,Electronic check,88.31,543.79,3,1,No
C002425,0,29,One year,DSL,No,Yes,Credit card,32.4,862.43,1,2,No
C002426,0,26,Month-to-month,Fiber optic,No,No,Bank transfer,84.33,2238.99,1,1,Yes
C002427,0,13,Month-to-month,Fiber optic,Yes,Yes,Electronic check,74.51,968.53,2,1,Yes
C002428,0,21,Month-to-month,No internet,Yes,Yes,Electronic check,67.74,1425.96,2,0,No
C002429,1,16,Month-to-month,DSL,Yes,Yes,Credit card,37.3,534.99,1,0,No
C002430,0,34,Month-to-month,No internet,Yes,Yes,Electronic check,110.7,3801.46,3,1,No
C002431,1,72,Month-to-month,No internet,No,Yes,Credit card,108.09,7860.18,0,1,No
C002432,1,38,One year,Fiber optic,No,No,Mailed check,72.54,2964.7,2,3,No
C002433,0,20,Month-to-month,DSL,Yes,No,Credit card,45.29,911.74,2,1,No
C002434,0,72,Month-to-month,DSL,Yes,No,Mailed check,37.35,2679.97,2,0,No
C002435,0,8,One year,DSL,Yes,No,Electronic check,37.82,290.05,2,0,Yes
C002436,1,23,Month-to-month,DSL,Yes,No,Bank transfer,86.97,2061.53,2,0,Yes
C002437,0,7,Month-to-month,Fiber optic,No,No,Mailed check,23.59,172.87,0,0,No
C002438,0,17,One year,DSL,Yes,No,Electronic check,93.14,1651.64,0,1,No
C002439,0,45,One year,Fiber optic,No,No,Credit card,60.98,2886.82,2,1,No
C002440,1,44,Two year,DSL,Yes,Yes,Credit card,73.9,3219.98,1,0,No
C002441,0,23,One year,Fiber optic,No,Yes,Credit card,83.88,1771.43,2,1,Yes
C002442,0,10,Month-to-month,DSL,No,No,Bank transfer,123.8,1243.34,2,0,Yes
C002443,0,29,Two year,Fiber optic,Yes,Yes,Bank transfer,83.39,2621.94,2,1,No
C002444,0,8,Month-to-month,Fiber optic,No,Yes,Electronic check,61.2,524.88,1,0,No
C002445,0,19,One year,DSL,No,Yes,Credit card,74.51,1359.84,3,1,No
C002446,1,13,Month-to-month,Fiber optic,Yes,Yes,Bank transfer,68.74,1000.55,2,0,No
C002447,0,47,Month-to-month,DSL,No,No,Bank transfer,66.24,3362.98,1,1,No
C002448,0,42,One year,Fiber optic,No,Yes,Bank transfer,67.91,2991.92,0,1,No
C002449,1,17,One year,Fiber optic,No,Yes,Credit card,41.01,657.62,1,1,No
C002450,0,9,Two year,DSL,No,Yes,Electronic check,73.1,684.24,1,2,No
C002451,0,6,Month-to-month,Fiber optic,Yes,No,Electronic check,32.22,,1,1,Yes
C002452,0,2,Two year,Fiber optic,Yes,Yes,Credit card,93.08,210.07,1,0,Yes
C002453,0,21,One year,No internet,No,No,Electronic check,56.2,1151.39,1,0,No
C002454,1,72,One year,No internet,No,Yes,Electronic check,36.86,2613.83,3,0,No
C002455,0,21,Two year,Fiber optic,Yes,Yes,Mailed check,81.51,1831.75,2,0,No
C002456,0,14,Month-to-month,No internet,No,No,Electronic check,82.08,1226.92,1,1,No
C002457,0,21,Two year,DSL,Yes,Yes,Electronic check,68.07,1504.71,1,0,No
C002458,0,29,Two year,No internet,Yes,No,Credit card,28.47,,2,2,No
C002459,0,11,Two year,DSL,No,Yes,Bank transfer,33.59,356.23,0,1,No
C002460,1,8,Month-to-month,No internet,No,Yes,Bank transfer,78.71,639.92,0,2,Yes
C002461,1,1,Month-to-month,Fiber optic,Yes,No,Electronic check,120.69,124.15,2,2,Yes
C002462,0,21,Month-to-month,Fiber optic,No,Yes,Mailed check,71.78,1588.95,2,0,No
C002463,0,15,One year,Fiber optic,Yes,No,Electronic check,72.71,1046.24,1,1,No
C002464,0,12,Two year,No internet,Yes,No,Mailed check,79.88,871.9,1,0,No
C002465,0,24,Month-to-month,DSL,No,Yes,Mailed check,44.33,1133.12,0,1,No
C002466,0,14,One year,Fiber optic,Yes,Yes,Mailed check,92.72,1292.7,0,0,No
C002467,0,26,One year,DSL,No,No,Electronic check,50.22,1296.8,0,0,No
C002468,0,41,Month-to-month,Fiber optic,No,Yes,Credit card,66.56,2884.45,3,0,Yes
C002469,0,27,Two year,DSL,Yes,Yes,Mailed check,45.7,1132.54,2,1,No
C002470,0,24,Month-to-month,Fiber optic,No,Yes,Credit card,35.98,863.59,1,0,Yes
C002471,0,47,Month-to-month,DSL,Yes,No,Electronic check,46.79,2157.18,0,0,No
C002472,0,26,Month-to-month,Fiber optic,Yes,Yes,Electronic check,42.84,1144.96,2,1,No
C002473,0,14,One year,No internet,No,Yes,Mailed check,55.74,779.45,1,0,No
C002474,0,30,Month-to-month,DSL,Yes,No,Credit card,103.32,3224.57,2,0,Yes
C002475,0,10,Month-to-month,No internet,No,Yes,Mailed check,72.81,674.6,3,3,Yes
C002476,0,8,Month-to-month,Fiber optic,No,Yes,Credit card,51.86,405.04,1,1,No
C002477,0,4,One year,DSL,Yes,No,Bank transfer,75.71,287.85,1,2,No
C002478,1,22,Month-to-month,No internet,No,No,Electronic check,51.65,1208.85,0,0,No
C002479,0,8,Two year,DSL,No,Yes,Electronic check,93.27,802.27,0,2,No
C002480,0,15,One year,Fiber optic,No,Yes,Electronic check,85.09,1284.48,2,0,No
C002481,0,17,One year,No internet,No,Yes,Mailed check,56.97,1009.26,1,2,No
C002482,0,14,Month-to-month,No internet,No,Yes,Bank transfer,64.56,893.95,1,1,No
C002483,0,34,Month-to-month,Fiber optic,No,Yes,Electronic check,67.54,2215.11,2,1,No
C002484,0,34,Two year,DSL,No,Yes,Credit card,40.93,1504.59,1,0,No
C002485,0,13,Two year,Fiber optic,No,No,Electronic check,37.62,487.11,0,0,No
C002486,1,43,One year,DSL,No,No,Credit card,62.44,,0,0,No
C002487,1,3,Two year,DSL,Yes,No,Electronic check,43.75,149.78,0,0,No
C002488,1,40,One year,DSL,No,No,Credit card,65.15,2433.72,0,1,No
C002489,0,18,One year,DSL,No,Yes,Electronic check,86.56,1614.02,0,0,No
C002490,0,33,Month-to-month,DSL,Yes,No,Credit card,60.4,1959.65,0,0,Yes
C002491,0,53,Month-to-month,Fiber optic,No,Yes,Mailed check,80.13,4354.47,0,0,No
C002492,0,38,Month-to-month,DSL,Yes,No,Electronic check,108.82,3587.74,0,0,No
C002493,0,1,Month-to-month,Fiber optic,Yes,No,Electronic check,55.3,57.36,4,0,Yes
C002494,0,33,Month-to-month,Fiber optic,No,Yes,Electronic check,100.99,3173.57,3,1,Yes
C002495,0,3,Month-to-month,Fiber optic,No,No,Mailed check,45.69,139.72,1,1,Yes
C002496,0,22,Month-to-month,Fiber optic,No,No,Credit card,37.89,856.63,1,2,Yes
C002497,1,24,Month-to-month,Fiber optic,Yes,No,Credit card,70.33,1773.59,3,2,No
C002498,0,39,Month-to-month,Fiber optic,Yes,No,Electronic check,62.02,2426.55,1,1,No
C002499,0,6,One year,Fiber optic,No,No,Bank transfer,30.06,184.09,0,0,No
C002500,0,22,Two year,No internet,No,Yes,Electronic check,97.53,2114.49,0,1,No
C002501,1,22,One year,Fiber optic,Yes,Yes,Electronic check,86.86,1747.06,0,0,Yes
C002502,0,19,One year,No internet,Yes,No,Bank transfer,42.21,775.26,0,0,No
C002503,0,2,One year,No internet,Yes,No,Mailed check,61.12,119.0,2,0,No
C002504,0,7,Month-to-month,Fiber optic,Yes,Yes,Credit card,64.02,440.55,0,1,No
C002505,0,12,Month-to-month,DSL,No,No,Credit card,35.65,432.64,2,1,Yes
C002506,0,39,Two year,Fiber optic,No,No,Electronic check,73.95,2929.62,0,0,No
C002507,1,11,Two year,DSL,No,Yes,Bank transfer,32.9,385.15,2,0,No
C002508,0,12,Month-to-month,Fiber optic,No,No,Credit card,23.67,317.41,1,2,No
C002509,0,2,Month-to-month,Fiber optic,Yes,Yes,Credit card,101.27,190.82,3,1,Yes
C002510,0,32,Two year,No internet,No,Yes,Bank transfer,50.58,1636.71,1,0,No
C002511,0,21,Two year,DSL,No,Yes,Mailed check,47.42,1023.56,2,2,No
C002512,0,14,One year,DSL,Yes,No,Bank transfer,60.48,836.69,1,0,No
C002513,0,21,Two year,Fiber optic,No,No,Mailed check,48.38,1058.71,0,0,No
C002514,0,5,One year,Fiber optic,No,Yes,Bank transfer,118.44,516.12,1,3,Yes
C002515,0,42,Two year,DSL,Yes,Yes,Credit card,77.24,3378.36,1,1,No
C002516,0,16,Month-to-month,DSL,Yes,No,Electronic check,86.47,1370.16,1,1,Yes
C002517,0,58,Month-to-month,DSL,No,No,Mailed check,87.78,4545.15,1,1,No
C002518,0,40,One year,DSL,Yes,No,Mailed check,118.09,4663.49,2,2,No
C002519,0,37,Month-to-month,DSL,Yes,Yes,Credit card,18.0,742.36,1,1,No
C002520,1,1,One year,DSL,Yes,No,Electronic check,85.03,84.71,1,3,Yes
C002521,0,18,Month-to-month,DSL,No,No,Mailed check,70.33,1420.99,1,3,Yes
C002522,1,25,One year,DSL,No,Yes,Bank transfer,67.99,1923.53,2,1,No
C002523,1,27,Two year,DSL,No,No,Mailed check,94.64,2606.6,2,2,Yes
C002524,0,10,Month-to-month,DSL,No,Yes,Credit card,81.3,800.98,1,2,No
C002525,1,21,Two year,Fiber optic,Yes,No,Mailed check,23.74,520.21,1,1,No
C002526,0,8,One year,Fiber optic,No,No,Electronic check,72.11,627.65,0,1,Yes
C002527,0,12,One year,Fiber optic,No,Yes,Mailed check,61.95,823.85,1,1,No
C002528,0,35,Month-to-month,Fiber optic,Yes,No,Electronic check,93.29,3342.16,2,1,No
C002529,0,3,Month-to-month,Fiber optic,No,Yes,Mailed check,18.0,51.44,1,1,No
C002530,1,31,One year,DSL,No,No,Mailed check,81.66,2766.01,0,2,No
C002531,0,26,Two year,DSL,No,No,Electronic check,69.58,1623.29,1,0,No
C002532,0,11,One year,DSL,No,Yes,Credit card,82.12,894.77,2,3,No
C002533,0,72,Two year,No internet,Yes,Yes,Credit card,75.63,5486.75,2,1,No
C002534,0,5,Month-to-month,No internet,No,No,Bank transfer,18.0,92.99,1,0,No
C002535,1,27,Two year,Fiber optic,No,No,Bank transfer,82.99,2170.57,1,0,No
C002536,0,15,Two year,Fiber optic,No,Yes,Credit card,65.15,989.61,0,0,No
C002537,0,57,One year,Fiber optic,No,No,Credit card,46.68,2812.14,2,2,No
C002538,0,14,Month-to-month,No internet,No,No,Electronic check,89.12,1255.66,0,1,Yes
C002539,1,13,One year,DSL,No,No,Credit card,64.93,805.99,3,2,Yes
C002540,0,36,Month-to-month,No internet,No,No,Electronic check,106.56,4027.23,2,0,Yes
C002541,0,17,One year,Fiber optic,No,No,Electronic check,92.39,1592.04,1,1,No
C002542,0,10,One year,DSL,No,Yes,Credit card,38.78,367.1,2,0,No
C002543,0,63,Month-to-month,DSL,Yes,Yes,Electronic check,85.2,5163.78,3,2,No
C002544,0,51,Month-to-month,DSL,Yes,No,Credit card,65.95,3746.26,1,2,No
C002545,0,24,Month-to-month,Fiber optic,No,Yes,Credit card,65.34,1558.41,0,0,No
C002546,0,26,Month-to-month,No internet,Yes,No,Electronic check,62.35,1678.68,0,1,No
C002547,0,30,Two year,Fiber optic,No,No,Bank transfer,90.99,2663.64,0,1,No
C002548,0,14,Month-to-month,DSL,No,No,Credit card,46.33,,3,1,Yes
C002549,0,28,Month-to-month,DSL,Yes,No,Mailed check,76.69,2150.12,1,2,No
C002550,0,19,Month-to-month,DSL,Yes,Yes,Mailed check,28.28,523.63,0,0,No
C002551,0,19,Month-to-month,DSL,Yes,Yes,Bank transfer,73.98,1474.14,0,2,No
C002552,0,21,One year,DSL,No,Yes,Bank transfer,34.99,783.54,2,3,No
C002553,1,17,Two year,Fiber optic,Yes,Yes,Bank transfer,34.78,622.03,2,2,No
C002554,0,42,Two year,DSL,No,Yes,Bank transfer,64.89,2672.57,1,0,No
C002555,0,32,Two year,Fiber optic,No,Yes,Credit card,38.4,1188.15,1,0,No
C002556,0,34,Two year,DSL,No,No,Electronic check,93.03,2804.47,0,1,No
C002557,0,15,Month-to-month,No internet,Yes,No,Electronic check,39.05,625.13,2,0,No
C002558,0,8,Month-to-month,Fiber optic,No,No,Electronic check,105.27,830.13,3,1,Yes
C002559,0,68,Two year,DSL,No,No,Electronic check,86.12,5462.17,4,1,No
C002560,1,17,Month-to-month,Fiber optic,No,Yes,Electronic check,68.38,1088.74,2,1,Yes
C002561,0,17,One year,DSL,No,Yes,Credit card,81.52,1456.17,2,2,No
C002562,0,26,Month-to-month,Fiber optic,No,No,Electronic check,71.11,1825.2,0,3,Yes
C002563,0,38,Two year,DSL,No,Yes,Bank transfer,124.02,4940.16,4,2,No
C002564,1,15,Month-to-month,Fiber optic,No,Yes,Electronic check,78.36,1192.85,0,0,No
C002565,0,29,Month-to-month,DSL,No,No,Credit card,51.6,1584.79,1,1,No
C002566,0,14,Month-to-month,DSL,No,Yes,Electronic check,75.5,1077.12,0,0,Yes
C002567,0,11,Two year,DSL,No,No,Mailed check,57.71,530.78,1,1,No
C002568,0,36,One year,No internet,No,Yes,Mailed check,64.36,2510.68,0,0,No
C002569,0,55,One year,DSL,Yes,Yes,Electronic check,51.6,2634.49,1,1,No
C002570,0,5,Month-to-month,DSL,No,Yes,Electronic check,52.95,289.27,2,1,Yes
C002571,1,4,Month-to-month,Fiber optic,No,No,Mailed check,86.78,351.38,0,1,Yes
C002572,0,16,Two year,DSL,No,Yes,Electronic check,65.03,997.05,1,2,No
C002573,0,20,One year,DSL,Yes,Yes,Electronic check,84.93,1653.68,2,0,No
C002574,0,19,One year,Fiber optic,No,Yes,Credit card,58.55,1062.84,0,0,No
C002575,0,3,Two year,Fiber optic,Yes,Yes,Electronic check,63.91,196.63,1,1,No
C002576,1,40,One year,Fiber optic,Yes,No,Electronic check,54.49,2253.86,1,2,No
C002577,0,8,Month-to-month,Fiber optic,Yes,Yes,Bank transfer,97.71,723.57,1,2,Yes
C002578,0,21,One year,Fiber optic,Yes,Yes,Mailed check,106.4,2000.69,2,0,Yes
C002579,0,12,Month-to-month,Fiber optic,No,Yes,Bank transfer,63.96,828.33,0,2,Yes
C002580,0,25,Month-to-month,DSL,No,No,Mailed check,88.15,2261.54,1,1,No
C002581,0,19,Month-to-month,DSL,Yes,Yes,Electronic check,30.81,541.95,2,0,No
C002582,0,25,One year,Fiber optic,No,Yes,Bank transfer,34.99,930.1,0,0,No
C002583,1,26,Two year,Fiber optic,Yes,No,Mailed check,84.27,2352.81,1,0,No
C002584,0,15,Two year,No internet,Yes,No,Credit card,23.41,362.37,2,0,No
C002585,0,8,Month-to-month,DSL,Yes,No,Electronic check,130.0,1075.53,2,0,Yes
C002586,0,4,Two year,Fiber optic,Yes,No,Electronic check,91.07,354.15,1,0,No
C002587,1,6,Two year,DSL,No,Yes,Electronic check,108.89,542.74,0,1,No
C002588,1,16,One year,DSL,No,Yes,Electronic check,64.12,1073.46,0,1,No
C002589,1,28,One year,No internet,No,No,Electronic check,33.02,884.45,1,0,No
C002590,1,23,Two year,DSL,No,Yes,Mailed check,44.5,1147.93,0,1,No
C002591,0,25,Month-to-month,Fiber optic,Yes,Yes,Mailed check,44.84,1097.87,2,1,No
C002592,0,15,Month-to-month,No internet,Yes,Yes,Credit card,87.18,1356.36,3,1,Yes
C002593,1,11,Month-to-month,No internet,Yes,Yes,Electronic check,40.84,430.56,1,2,Yes
C002594,0,48,One year,DSL,Yes,Yes,Credit card,46.35,2041.81,2,0,No
C002595,0,59,Month-to-month,DSL,No,Yes,Electronic check,104.98,6023.78,1,1,Yes
C002596,0,31,Month-to-month,DSL,Yes,Yes,Mailed check,36.39,1272.93,4,1,No
C002597,1,17,Month-to-month,DSL,No,Yes,Credit card,50.73,866.55,2,2,Yes
C002598,0,59,Month-to-month,No internet,Yes,Yes,Credit card,100.08,5234.81,2,0,No
C002599,0,19,Month-to-month,Fiber optic,Yes,No,Credit card,128.14,2592.79,1,0,Yes
C002600,1,42,Month-to-month,DSL,No,No,Mailed check,25.79,1163.02,2,0,No
C002601,0,3,One year,DSL,No,Yes,Electronic check,18.0,51.57,1,0,No
C002602,0,3,Month-to-month,Fiber optic,No,Yes,Bank transfer,49.16,148.92,3,0,No
C002603,0,39,Month-to-month,Fiber optic,No,No,Bank transfer,71.63,2802.1,1,0,No
C002604,0,11,Two year,DSL,Yes,Yes,Electronic check,65.36,688.22,1,1,No
C002605,0,33,One year,Fiber optic,No,Yes,Electronic check,52.62,1751.15,2,1,No
C002606,0,13,Two year,DSL,No,Yes,Credit card,34.58,408.58,0,1,No
C002607,0,4,One year,DSL,Yes,No,Bank transfer,87.41,358.18,2,1,No
C002608,0,23,Two year,DSL,No,No,Credit card,53.7,1312.27,3,0,No
C002609,0,19,Month-to-month,No internet,Yes,No,Electronic check,50.24,908.87,2,1,No
C002610,0,13,Month-to-month,Fiber optic,Yes,Yes,Credit card,67.49,914.81,0,0,No
C002611,0,12,Two year,Fiber optic,No,Yes,Electronic check,102.52,1290.26,0,3,No
C002612,0,27,Month-to-month,DSL,No,No,Electronic check,70.94,1985.57,0,0,No
C002613,1,20,Two year,Fiber optic,No,No,Mailed check,130.0,2831.73,0,0,No
C002614,0,12,Month-to-month,Fiber optic,No,Yes,Mailed check,58.6,705.2,0,2,Yes
C002615,0,31,Month-to-month,Fiber optic,Yes,No,Electronic check,81.77,2426.94,1,1,Yes
C002616,0,13,Two year,No internet,Yes,No,Credit card,18.0,245.66,2,0,No
C002617,0,18,Month-to-month,DSL,Yes,Yes,Credit card,50.42,938.35,3,0,Yes
C002618,0,10,Month-to-month,DSL,Yes,Yes,Electronic check,65.97,576.71,1,0,No
C002619,0,20,Two year,Fiber optic,No,No,Bank transfer,49.19,990.43,0,1,No
C002620,1,72,Month-to-month,DSL,No,No,Credit card,47.16,3250.38,1,0,No
C002621,0,32,Two year,No internet,No,Yes,Mailed check,52.76,1654.42,2,0,No
C002622,0,72,Month-to-month,Fiber optic,Yes,No,Mailed check,42.44,3080.05,0,0,No
C002623,0,15,Month-to-month,Fiber optic,Yes,No,Electronic check,53.23,873.32,1,1,Yes
C002624,0,44,Month-to-month,Fiber optic,No,Yes,Mailed check,68.55,3097.88,1,1,Yes
C002625,0,8,Month-to-month,Fiber optic,Yes,Yes,Electronic check,75.95,584.45,2,1,Yes
C002626,0,31,Month-to-month,Fiber optic,Yes,No,Credit card,39.86,1196.66,0,0,No
C002627,1,16,Two year,DSL,No,No,Electronic check,61.53,998.94,2,0,No
C002628,1,22,Month-to-month,Fiber optic,Yes,No,Electronic check,46.65,1053.28,0,0,Yes
C002629,0,22,Month-to-month,DSL,Yes,Yes,Credit card,89.39,2290.76,1,1,No
C002630,1,28,Month-to-month,No internet,Yes,Yes,Electronic check,110.02,2912.39,1,0,No
C002631,1,7,One year,DSL,No,No,Mailed check,71.63,485.61,0,0,No
C002632,0,33,One year,DSL,Yes,No,Bank transfer,77.15,2698.85,0,1,No
C002633,0,7,Month-to-month,Fiber optic,No,Yes,Electronic check,60.1,412.85,3,0,Yes
C002634,0,25,One year,No internet,No,Yes,Credit card,79.05,2001.98,0,1,No
C002635,0,9,One year,Fiber optic,No,No,Electronic check,61.65,502.41,0,0,No
C002636,1,28,Month-to-month,Fiber optic,No,No,Electronic check,35.24,892.53,2,0,No
C002637,0,19,Month-to-month,Fiber optic,No,Yes,Electronic check,97.88,1939.69,2,0,No
C002638,0,15,Two year,DSL,Yes,Yes,Credit card,122.94,1736.42,1,1,No
C002639,0,38,Month-to-month,DSL,Yes,No,Electronic check,82.56,3287.39,0,2,No
C002640,0,45,Two year,No internet,Yes,Yes,Credit card,66.85,2928.36,3,1,No
C002641,0,27,Month-to-month,No internet,No,Yes,Mailed check,78.83,2172.74,1,0,No
C002642,0,13,Month-to-month,DSL,Yes,Yes,Credit card,108.91,1519.48,1,0,Yes
C002643,0,23,Month-to-month,No internet,No,Yes,Electronic check,55.37,1215.47,2,0,Yes
C002644,0,8,Month-to-month,DSL,Yes,No,Credit card,85.45,652.88,0,1,Yes
C002645,0,13,Month-to-month,Fiber optic,No,Yes,Credit card,71.45,994.4,0,2,Yes
C002646,0,18,Month-to-month,DSL,No,No,Bank transfer,18.0,325.0,1,0,No
C002647,0,16,Month-to-month,Fiber optic,No,Yes,Electronic check,58.16,924.24,2,0,No
C002648,0,7,Month-to-month,Fiber optic,No,No,Credit card,81.29,600.54,1,0,Yes
C002649,0,43,Month-to-month,Fiber optic,Yes,Yes,Credit card,75.99,3082.44,1,0,No
C002650,0,23,Month-to-month,No internet,Yes,No,Electronic check,64.21,1476.74,2,0,No
C002651,0,31,Month-to-month,Fiber optic,Yes,No,Credit card,35.93,1032.16,1,0,No
C002652,0,11,Two year,DSL,No,Yes,Electronic check,73.51,746.03,2,0,No
C002653,0,27,Month-to-month,DSL,No,No,Electronic check,71.63,2013.46,1,0,Yes
C002654,0,2,One year,Fiber optic,Yes,Yes,Electronic check,80.8,173.59,1,1,No
C002655,0,22,Month-to-month,DSL,Yes,Yes,Bank transfer,112.03,2496.92,0,1,Yes
C002656,0,12,One year,DSL,No,Yes,Mailed check,68.36,750.16,0,0,No
C002657,0,3,Month-to-month,DSL,Yes,Yes,Electronic check,94.74,282.56,2,1,Yes
C002658,1,21,Month-to-month,No internet,Yes,Yes,Mailed check,79.52,1705.28,0,1,No
C002659,0,18,Month-to-month,Fiber optic,No,Yes,Credit card,130.0,2339.88,4,0,Yes
C002660,1,9,Two year,DSL,Yes,Yes,Electronic check,80.04,771.59,1,1,No
C002661,0,4,Month-to-month,Fiber optic,Yes,Yes,Bank transfer,130.0,495.32,1,2,No
C002662,0,43,Month-to-month,Fiber optic,Yes,Yes,Electronic check,42.48,1863.81,0,1,No
C002663,0,13,Month-to-month,Fiber optic,Yes,Yes,Mailed check,37.12,473.26,2,0,Yes
C002664,0,6,Two year,No internet,No,Yes,Electronic check,79.62,476.0,1,1,Yes
C002665,0,6,Month-to-month,Fiber optic,No,No,Electronic check,64.13,377.47,2,1,Yes
C002666,0,12,Month-to-month,Fiber optic,No,Yes,Electronic check,100.38,1241.65,1,0,Yes
C002667,0,19,One year,No internet,Yes,Yes,Bank transfer,87.97,1553.09,0,0,No
C002668,0,33,Two year,Fiber optic,Yes,Yes,Mailed check,88.43,2869.73,2,3,No
C002669,0,18,One year,Fiber optic,No,No,Bank transfer,48.25,887.62,2,0,No
C002670,0,15,Month-to-month,No internet,No,Yes,Electronic check,67.19,1061.19,4,0,Yes
C002671,0,32,Month-to-month,No internet,No,No,Credit card,89.21,3041.76,2,1,No
C002672,0,4,Month-to-month,Fiber optic,Yes,Yes,Electronic check,53.84,218.06,1,1,No
C002673,0,25,Month-to-month,Fiber optic,Yes,Yes,Electronic check,68.43,1829.73,2,2,Yes
C002674,0,19,Two year,Fiber optic,Yes,No,Bank transfer,98.55,2017.36,1,2,Yes
C002675,0,18,Month-to-month,DSL,No,Yes,Electronic check,67.16,1201.79,1,0,No
C002676,1,24,Month-to-month,DSL,No,Yes,Electronic check,74.18,1991.94,1,1,Yes
C002677,0,18,Two year,Fiber optic,Yes,No,Mailed check,98.77,1942.91,0,1,No
C002678,0,32,Two year,Fiber optic,Yes,Yes,Bank transfer,79.55,2505.64,0,1,No
C002679,1,37,Two year,No internet,Yes,Yes,Credit card,31.66,1164.76,0,0,No
C002680,0,41,Month-to-month,Fiber optic,No,Yes,Electronic check,71.36,2848.26,1,1,Yes
C002681,0,20,Month-to-month,Fiber optic,No,No,Bank transfer,69.01,1372.66,1,1,Yes
C002682,0,6,Month-to-month,No internet,No,Yes,Electronic check,76.89,471.7,1,1,No
C002683,0,7,One year,Fiber optic,Yes,No,Credit card,125.75,895.87,1,2,Yes
C002684,1,49,Two year,Fiber optic,No,No,Bank transfer,97.04,4649.26,2,1,No
C002685,0,3,Two year,Fiber optic,No,Yes,Credit card,72.1,222.89,2,0,No
C002686,0,13,Two year,Fiber optic,Yes,Yes,Electronic check,51.83,723.21,4,0,No
C002687,0,18,Month-to-month,Fiber optic,No,Yes,Mailed check,89.7,1703.83,1,2,No
C002688,0,31,One year,DSL,No,Yes,Bank transfer,73.2,2361.82,0,1,No
C002689,0,12,Month-to-month,No internet,No,Yes,Electronic check,101.29,1193.25,0,0,No
C002690,0,7,Month-to-month,No internet,No,No,Credit card,76.48,526.55,1,1,Yes
C002691,0,3,Month-to-month,No internet,No,No,Bank transfer,93.56,308.87,1,0,Yes
C002692,0,63,Month-to-month,Fiber optic,Yes,No,Credit card,48.34,3058.5,0,1,No
C002693,1,11,Month-to-month,Fiber optic,No,Yes,Electronic check,64.02,673.61,0,1,No
C002694,1,8,Month-to-month,Fiber optic,No,Yes,Credit card,69.76,588.95,1,0,Yes
C002695,0,38,Month-to-month,Fiber optic,Yes,Yes,Bank transfer,47.8,1997.1,2,0,No
C002696,0,18,One year,DSL,No,Yes,Electronic check,78.21,1284.45,4,0,No
C002697,0,23,Month-to-month,Fiber optic,No,Yes,Electronic check,58.94,1490.57,3,1,Yes
C002698,0,15,Month-to-month,No internet,No,Yes,Credit card,59.24,838.32,2,1,No
C002699,0,20,One year,Fiber optic,No,Yes,Mailed check,50.87,1070.99,2,1,No
C002700,1,52,One year,No internet,No,Yes,Electronic check,66.07,3456.84,3,0,No
C002701,0,4,One year,DSL,Yes,No,Mailed check,27.31,105.45,0,0,No
C002702,0,27,One year,No internet,Yes,No,Bank transfer,90.79,2316.76,0,1,No
C002703,0,15,One year,No internet,No,Yes,Electronic check,78.54,1108.53,2,0,Yes
C002704,0,39,One year,Fiber optic,No,Yes,Electronic check,82.58,2986.98,0,0,No
C002705,0,19,One year,No internet,No,No,Bank transfer,99.66,1854.42,0,2,No
C002706,0,50,Month-to-month,Fiber optic,No,Yes,Credit card,75.17,3989.02,1,1,No
C002707,0,13,Month-to-month,Fiber optic,No,Yes,Bank transfer,60.73,778.59,0,2,Yes
C002708,1,19,One year,Fiber optic,No,Yes,Credit card,101.56,2153.84,4,1,No
C002709,0,72,Month-to-month,DSL,No,No,Electronic check,58.59,4162.53,2,0,No
C002710,0,14,Month-to-month,DSL,No,No,Mailed check,72.14,969.7,0,1,Yes
C002711,0,8,Month-to-month,No internet,Yes,Yes,Mailed check,18.0,144.13,1,1,No
C002712,0,10,Month-to-month,DSL,No,Yes,Mailed check,54.46,598.65,1,1,Yes
C002713,1,25,Two year,Fiber optic,No,No,Electronic check,67.41,1613.84,2,1,No
C002714,0,8,One year,DSL,Yes,No,Credit card,84.29,674.85,0,1,No
C002715,0,16,Month-to-month,Fiber optic,Yes,Yes,Electronic check,81.02,1375.45,2,2,No
C002716,1,19,Month-to-month,No internet,Yes,Yes,Mailed check,92.0,1698.37,0,0,No
C002717,0,20,Two year,Fiber optic,No,Yes,Mailed check,53.79,1109.74,0,1,No
C002718,0,44,One year,DSL,No,No,Credit card,53.71,2342.17,0,2,No
C002719,0,18,Month-to-month,Fiber optic,Yes,Yes,Electronic check,72.98,1299.4,0,0,Yes
C002720,0,1,Two year,Fiber optic,No,Yes,Bank transfer,47.73,47.41,2,0,No
C002721,0,19,One year,No internet,Yes,Yes,Electronic check,57.61,1079.56,3,1,No
C002722,0,16,Two year,DSL,Yes,Yes,Credit card,68.97,1153.97,0,0,No
C002723,0,31,One year,DSL,Yes,Yes,Mailed check,18.0,506.6,1,1,No
C002724,0,12,Two year,No internet,No,Yes,Electronic check,27.7,307.48,2,0,No
C002725,0,29,One year,No internet,Yes,No,Mailed check,77.55,2187.41,1,0,No
C002726,0,16,One year,No internet,No,Yes,Electronic check,49.25,716.91,1,0,No
C002727,0,25,Two year,Fiber optic,No,Yes,Electronic check,85.97,2029.13,2,0,No
C002728,1,3,Month-to-month,Fiber optic,Yes,Yes,Electronic check,54.95,153.06,1,0,No
C002729,1,15,Month-to-month,No internet,No,No,Electronic check,41.14,612.57,2,0,Yes
C002730,0,13,One year,Fiber optic,Yes,No,Bank transfer,82.44,964.09,2,1,No
C002731,0,16,Month-to-month,DSL,No,Yes,Mailed check,60.49,950.57,5,0,Yes
C002732,1,9,One year,DSL,No,Yes,Bank transfer,76.12,658.16,2,0,No
C002733,0,17,One year,DSL,No,Yes,Bank transfer,50.03,901.51,0,1,No
C002734,0,31,Two year,DSL,No,Yes,Mailed check,46.76,1310.89,0,2,No
C002735,0,27,Month-to-month,DSL,No,Yes,Mailed check,58.57,1425.08,1,0,Yes
C002736,0,16,Month-to-month,Fiber optic,No,No,Mailed check,47.06,681.8,0,1,Yes
C002737,1,72,Two year,Fiber optic,No,Yes,Credit card,62.06,4163.2,2,0,No
C002738,0,1,Month-to-month,No internet,No,Yes,Electronic check,41.41,39.1,2,0,Yes
C002739,0,27,Two year,Fiber optic,Yes,Yes,Electronic check,75.24,2098.29,1,1,Yes
C002740,0,12,Month-to-month,DSL,No,No,Electronic check,86.02,979.77,1,0,Yes
C002741,0,60,Month-to-month,No internet,No,Yes,Electronic check,78.21,4620.53,1,2,No
C002742,0,10,Month-to-month,No internet,Yes,Yes,Bank transfer,34.86,344.72,3,0,No
C002743,0,11,Month-to-month,No internet,No,No,Bank transfer,97.24,1100.81,2,1,Yes
C002744,0,18,Month-to-month,DSL,No,No,Bank transfer,22.92,376.96,0,0,No
C002745,0,22,Month-to-month,Fiber optic,No,Yes,Bank transfer,71.72,1495.53,1,3,Yes
C002746,0,51,Two year,Fiber optic,Yes,Yes,Electronic check,69.0,3500.67,1,0,No
C002747,0,4,Two year,Fiber optic,Yes,No,Mailed check,85.48,368.0,1,2,Yes
C002748,0,9,Month-to-month,DSL,Yes,No,Mailed check,49.64,427.2,0,0,No
C002749,0,22,Month-to-month,No internet,No,No,Electronic check,53.88,1128.65,0,1,No
C002750,0,21,Month-to-month,Fiber optic,No,No,Bank transfer,95.31,2079.45,1,1,Yes
C002751,0,6,Two year,DSL,Yes,Yes,Credit card,94.75,569.04,1,0,No
C002752,0,24,Month-to-month,DSL,Yes,No,Electronic check,41.04,980.99,0,0,No
C002753,0,23,One year,Fiber optic,Yes,No,Mailed check,59.41,1507.41,1,1,No
C002754,0,30,Month-to-month,DSL,No,Yes,Electronic check,46.81,1338.01,2,1,Yes
C002755,0,6,Month-to-month,Fiber optic,No,No,Credit card,18.0,112.39,2,1,Yes
C002756,0,34,Month-to-month,DSL,Yes,No,Bank transfer,94.67,3567.73,1,0,No
C002757,0,32,One year,Fiber optic,No,No,Electronic check,49.99,1551.81,3,0,No
C002758,0,30,Month-to-month,DSL,Yes,No,Mailed check,67.88,2303.3,1,1,No
C002759,0,15,Two year,DSL,Yes,Yes,Electronic check,72.63,1132.98,1,0,No
C002760,0,45,One year,No internet,Yes,No,Electronic check,34.22,1565.87,0,0,No
C002761,0,7,Month-to-month,DSL,Yes,Yes,Bank transfer,88.93,674.59,0,1,No
C002762,0,48,Month-to-month,Fiber optic,Yes,Yes,Mailed check,49.73,2413.35,1,0,No
C002763,0,65,One year,No internet,No,Yes,Credit card,30.03,1660.31,1,1,No
C002764,0,24,One year,DSL,No,No,Credit card,74.7,1817.46,0,0,Yes
C002765,0,12,Month-to-month,DSL,No,Yes,Credit card,70.49,836.2,3,0,Yes
C002766,0,19,Month-to-month,Fiber optic,Yes,Yes,Mailed check,52.83,915.96,0,1,No
C002767,0,27,Month-to-month,DSL,No,Yes,Credit card,64.96,1824.82,1,1,Yes
C002768,0,29,Two year,No internet,Yes,Yes,Electronic check,108.51,3040.54,1,0,No
C002769,0,21,Month-to-month,DSL,Yes,Yes,Credit card,83.72,1664.45,1,1,No
C002770,0,9,Two year,Fiber optic,No,Yes,Mailed check,66.59,675.97,5,1,No
C002771,0,57,One year,DSL,No,Yes,Credit card,57.33,3486.13,2,2,No
C002772,1,47,One year,DSL,No,Yes,Electronic check,112.24,5748.28,0,0,Yes
C002773,1,29,Month-to-month,DSL,No,No,Bank transfer,55.49,1776.75,1,3,No
C002774,0,16,One year,No internet,Yes,No,Electronic check,18.0,265.87,1,0,No
C002775,0,39,Month-to-month,Fiber optic,No,Yes,Electronic check,96.85,4189.91,2,3,Yes
C002776,0,9,One year,Fiber optic,No,No,Bank transfer,53.93,455.6,2,2,Yes
C002777,0,14,Month-to-month,DSL,No,Yes,Electronic check,18.0,236.45,1,0,No
C002778,0,17,Month-to-month,DSL,No,No,Bank transfer,31.37,543.94,1,2,No
C002779,0,3,Two year,No internet,No,Yes,Mailed check,32.39,95.15,1,1,No
C002780,0,14,Month-to-month,Fiber optic,No,Yes,Electronic check,18.0,277.39,1,1,Yes
C002781,0,13,Two year,Fiber optic,No,Yes,Mailed check,47.39,602.9,1,0,No
C002782,1,60,Two year,Fiber optic,Yes,No,Mailed check,51.37,3199.68,2,1,No
C002783,1,49,One year,DSL,Yes,No,Electronic check,107.1,5242.11,2,0,No
C002784,0,28,Month-to-month,No internet,Yes,No,Bank transfer,64.1,1715.36,1,0,No
C002785,0,34,One year,DSL,No,Yes,Bank transfer,51.7,1729.72,0,1,No
C002786,0,15,One year,DSL,No,Yes,Credit card,62.05,907.09,1,1,No
C002787,0,40,Month-to-month,Fiber optic,No,No,Credit card,71.1,2871.49,1,0,Yes
C002788,1,12,Two year,DSL,No,No,Mailed check,91.0,1082.67,1,2,No
C002789,0,24,Month-to-month,Fiber optic,No,Yes,Bank transfer,98.99,2494.99,1,1,Yes
C002790,0,22,Month-to-month,Fiber optic,Yes,Yes,Bank transfer,18.0,389.49,1,0,No
C002791,0,15,Month-to-month,Fiber optic,No,Yes,Electronic check,29.4,448.45,1,2,No
C002792,0,18,Month-to-month,Fiber optic,No,No,Bank transfer,65.77,1298.25,0,0,No
C002793,0,28,One year,Fiber optic,No,Yes,Electronic check,114.21,3290.5,3,0,No
C002794,1,26,Two year,DSL,Yes,Yes,Mailed check,53.89,1631.38,5,1,No
C002795,1,65,Month-to-month,DSL,No,No,Bank transfer,93.39,6116.05,1,1,No
C002796,0,22,Month-to-month,Fiber optic,No,Yes,Mailed check,52.27,1172.15,1,0,Yes
C002797,1,44,One year,DSL,Yes,No,Electronic check,52.24,2382.51,0,2,No
C002798,1,35,Month-to-month,DSL,No,No,Credit card,59.79,2237.68,0,1,No
C002799,0,37,Month-to-month,Fiber optic,No,Yes,Electronic check,100.98,3910.15,3,1,No
C002800,0,23,Two year,Fiber optic,No,Yes,Bank transfer,54.3,1247.78,0,1,No
C002801,1,71,Two year,Fiber optic,Yes,Yes,Electronic check,68.16,4788.17,2,1,No
C002802,0,2,Two year,DSL,No,No,Credit card,74.6,145.86,1,1,No
C002803,0,40,One year,Fiber optic,Yes,No,Credit card,89.29,3575.55,0,0,Yes
C002804,0,7,Month-to-month,Fiber optic,No,No,Bank transfer,67.87,,1,1,Yes
C002805,0,49,Month-to-month,Fiber optic,Yes,Yes,Credit card,88.7,4036.65,2,4,Yes
C002806,0,27,One year,Fiber optic,No,No,Bank transfer,108.79,2740.43,1,1,No
C002807,0,16,Two year,DSL,Yes,Yes,Bank transfer,86.33,1498.13,2,0,No
C002808,0,11,Month-to-month,No internet,Yes,Yes,Bank transfer,57.12,638.37,2,2,No
C002809,0,31,Month-to-month,Fiber optic,Yes,No,Credit card,63.07,2074.96,1,1,Yes
C002810,0,37,Month-to-month,DSL,No,No,Electronic check,73.49,2683.83,3,1,No
C002811,0,44,Month-to-month,Fiber optic,Yes,Yes,Bank transfer,59.9,2688.59,1,1,No
C002812,0,17,Month-to-month,Fiber optic,No,Yes,Electronic check,38.55,623.93,2,2,Yes
C002813,1,29,Month-to-month,Fiber optic,Yes,Yes,Mailed check,43.18,1109.63,0,1,No
C002814,0,15,Month-to-month,Fiber optic,No,No,Electronic check,52.62,777.87,1,0,No
C002815,0,72,Month-to-month,Fiber optic,No,Yes,Bank transfer,18.0,1258.1,0,1,No
C002816,0,12,One year,Fiber optic,Yes,No,Bank transfer,130.0,1503.51,4,2,Yes
C002817,0,7,Month-to-month,Fiber optic,No,Yes,Credit card,88.0,565.75,0,1,Yes
C002818,0,14,One year,DSL,Yes,No,Credit card,52.44,759.68,1,3,No
C002819,1,14,One year,DSL,Yes,No,Electronic check,47.94,702.12,1,0,No
C002820,1,19,Two year,No internet,No,No,Electronic check,97.25,1906.9,1,0,No
C002821,0,72,Month-to-month,Fiber optic,Yes,No,Electronic check,31.33,2399.44,1,3,No
C002822,0,21,Two year,Fiber optic,No,No,Bank transfer,40.95,818.35,1,0,No
C002823,0,13,Month-to-month,DSL,No,Yes,Electronic check,92.53,1244.96,1,1,Yes
C002824,0,10,One year,Fiber optic,No,Yes,Credit card,64.64,644.05,3,0,No
C002825,0,13,Two year,Fiber optic,Yes,No,Electronic check,86.03,1086.74,0,2,No
C002826,0,12,Month-to-month,Fiber optic,No,No,Credit card,69.31,832.68,1,0,Yes
C002827,0,27,Month-to-month,No internet,No,Yes,Bank transfer,66.59,1697.6,0,1,No
C002828,1,2,One year,Fiber optic,Yes,Yes,Bank transfer,50.49,99.03,1,0,Yes
C002829,0,35,Month-to-month,DSL,No,Yes,Bank transfer,78.67,2750.38,1,1,No
C002830,0,7,Month-to-month,DSL,Yes,No,Credit card,72.62,455.49,0,0,No
C002831,1,30,Month-to-month,DSL,Yes,Yes,Electronic check,72.43,2364.73,0,1,No
C002832,0,14,Month-to-month,Fiber optic,No,No,Credit card,55.94,828.0,1,0,No
C002833,0,14,One year,No internet,No,Yes,Credit card,96.7,1417.22,0,1,No
C002834,0,38,Two year,Fiber optic,Yes,No,Bank transfer,68.4,2862.02,4,2,No
C002835,0,27,Two year,Fiber optic,No,No,Bank transfer,81.73,2293.85,1,0,No
C002836,0,9,Month-to-month,Fiber optic,Yes,No,Electronic check,37.41,348.61,2,2,No
C002837,0,26,Month-to-month,DSL,No,Yes,Mailed check,25.25,720.04,0,0,No
C002838,0,54,Month-to-month,DSL,No,No,Bank transfer,85.02,4463.04,2,1,No
C002839,0,14,Month-to-month,Fiber optic,No,Yes,Electronic check,50.31,649.27,1,0,No
C002840,0,23,Month-to-month,DSL,Yes,Yes,Electronic check,45.59,1106.75,1,0,Yes
C002841,0,37,One year,DSL,No,Yes,Credit card,75.79,2765.58,0,2,No
C002842,0,52,One year,Fiber optic,Yes,Yes,Credit card,100.03,5517.66,1,1,No
C002843,0,5,One year,Fiber optic,No,No,Mailed check,59.74,310.32,2,1,No
C002844,0,20,One year,DSL,No,No,Mailed check,59.29,1137.71,2,0,No
C002845,1,7,One year,DSL,No,Yes,Bank transfer,77.74,542.36,2,1,Yes
C002846,0,19,One year,No internet,Yes,Yes,Credit card,80.42,1429.84,2,0,No
C002847,0,4,Two year,Fiber optic,No,Yes,Bank transfer,68.32,274.1,1,0,No
C002848,0,19,Two year,DSL,No,Yes,Bank transfer,21.4,402.74,0,0,No
C002849,0,59,Two year,Fiber optic,Yes,Yes,Credit card,85.9,5310.67,0,0,No
C002850,1,11,Two year,Fiber optic,Yes,Yes,Electronic check,47.26,577.63,1,1,No
C002851,1,48,Month-to-month,No internet,Yes,No,Bank transfer,118.91,5801.79,0,0,No
C002852,0,42,Month-to-month,DSL,Yes,Yes,Credit card,49.37,2041.04,3,1,No
C002853,0,34,One year,Fiber optic,No,Yes,Credit card,72.21,2473.7,1,1,No
C002854,1,20,Month-to-month,Fiber optic,No,No,Credit card,65.33,1300.77,1,0,No
C002855,0,2,One year,DSL,Yes,Yes,Electronic check,71.71,139.68,1,2,No
C002856,0,35,Month-to-month,Fiber optic,No,No,Credit card,129.4,4596.03,1,1,No
C002857,1,13,Month-to-month,DSL,Yes,No,Electronic check,60.37,733.68,0,0,No
C002858,0,34,Month-to-month,DSL,No,Yes,Credit card,92.37,2988.47,0,1,No
C002859,0,14,Month-to-month,DSL,Yes,Yes,Credit card,66.93,951.16,2,0,No
C002860,0,22,Month-to-month,Fiber optic,Yes,Yes,Mailed check,57.98,1347.19,1,2,No
C002861,0,16,Month-to-month,Fiber optic,No,No,Bank transfer,85.89,1416.92,2,0,Yes
C002862,0,32,Two year,DSL,No,No,Mailed check,75.27,2371.36,1,1,No
C002863,0,10,Month-to-month,DSL,No,No,Credit card,62.24,663.72,2,2,Yes
C002864,0,21,Month-to-month,Fiber optic,No,Yes,Bank transfer,42.46,909.11,1,1,No
C002865,1,18,Two year,Fiber optic,Yes,Yes,Electronic check,77.43,1536.27,2,1,No
C002866,0,31,One year,DSL,No,No,Mailed check,130.0,4153.11,2,1,No
C002867,0,35,Month-to-month,No internet,No,Yes,Electronic check,63.49,2222.87,1,0,No
C002868,0,60,Month-to-month,Fiber optic,No,Yes,Electronic check,82.7,4615.74,0,0,No
C002869,0,9,One year,Fiber optic,Yes,Yes,Mailed check,52.28,506.03,1,1,No
C002870,0,53,Month-to-month,Fiber optic,No,No,Mailed check,130.0,7294.69,2,0,No
C002871,0,47,Month-to-month,DSL,No,Yes,Electronic check,31.13,1582.23,0,0,No
C002872,0,33,One year,Fiber optic,No,No,Electronic check,52.25,1670.38,1,0,Yes
C002873,0,22,Month-to-month,Fiber optic,Yes,No,Electronic check,19.78,407.96,0,0,No
C002874,0,38,Month-to-month,Fiber optic,No,No,Electronic check,84.22,3460.4,2,0,Yes
C002875,0,10,One year,No internet,Yes,No,Mailed check,70.79,708.4,1,0,No
C002876,0,13,One year,DSL,Yes,Yes,Electronic check,77.64,865.43,1,1,No
C002877,0,32,Month-to-month,Fiber optic,No,Yes,Electronic check,66.6,2214.15,1,2,No
C002878,1,29,Month-to-month,DSL,Yes,Yes,Electronic check,106.04,2848.05,2,1,No
C002879,0,18,Month-to-month,DSL,Yes,No,Bank transfer,101.39,1977.12,0,2,No
C002880,0,14,Two year,DSL,No,Yes,Credit card,96.3,1435.53,1,0,No
C002881,0,1,Month-to-month,DSL,No,Yes,Bank transfer,18.0,15.93,1,0,No
C002882,0,9,Month-to-month,DSL,Yes,Yes,Electronic check,44.11,405.13,2,0,Yes
C002883,0,8,Month-to-month,Fiber optic,No,Yes,Credit card,69.65,557.1,3,0,Yes
C002884,0,15,One year,Fiber optic,Yes,Yes,Credit card,89.16,1386.49,0,1,No
C002885,0,10,Two year,Fiber optic,No,Yes,Credit card,18.0,167.3,2,0,No
C002886,0,22,Month-to-month,Fiber optic,Yes,Yes,Bank transfer,106.82,2154.5,2,1,Yes
C002887,0,9,Two year,Fiber optic,Yes,Yes,Electronic check,75.43,715.17,0,1,No
C002888,0,20,One year,Fiber optic,No,Yes,Mailed check,107.05,1893.83,3,2,No
C002889,0,3,Month-to-month,Fiber optic,No,Yes,Mailed check,37.62,112.24,0,2,Yes
C002890,1,17,Two year,DSL,No,No,Electronic check,47.68,831.69,1,2,No
C002891,0,3,Month-to-month,Fiber optic,No,Yes,Mailed check,40.69,127.43,2,0,Yes
C002892,0,11,One year,Fiber optic,No,Yes,Electronic check,51.21,575.03,3,0,No
C002893,0,2,Month-to-month,No internet,Yes,Yes,Credit card,47.36,107.54,1,2,Yes
C002894,0,49,Month-to-month,No internet,Yes,No,Bank transfer,23.04,1209.42,0,1,No
C002895,0,21,Month-to-month,DSL,Yes,Yes,Credit card,99.45,2070.35,1,0,No
C002896,0,50,Two year,Fiber optic,No,Yes,Electronic check,80.44,3991.05,4,0,No
C002897,0,5,Two year,DSL,No,Yes,Bank transfer,46.15,220.93,1,1,No
C002898,1,11,Month-to-month,Fiber optic,No,No,Credit card,18.0,200.39,0,1,Yes
C002899,0,35,Month-to-month,No internet,No,Yes,Mailed check,95.91,3777.27,0,0,No
C002900,0,8,Month-to-month,Fiber optic,No,No,Electronic check,18.0,150.09,2,2,No
C002901,1,41,Month-to-month,DSL,No,No,Mailed check,38.88,1586.17,0,2,Yes
C002902,0,34,Two year,Fiber optic,Yes,No,Bank transfer,34.76,1099.44,0,1,No
C002903,0,13,One year,DSL,No,Yes,Mailed check,48.1,533.84,0,2,No
C002904,1,10,Month-to-month,Fiber optic,Yes,Yes,Electronic check,78.14,778.2,0,2,Yes
C002905,0,5,Month-to-month,Fiber optic,No,No,Bank transfer,88.18,421.2,0,1,Yes
C002906,0,25,One year,Fiber optic,Yes,No,Credit card,74.43,1902.52,0,2,No
C002907,0,36,Month-to-month,Fiber optic,No,No,Electronic check,37.22,1252.26,3,5,Yes
C002908,0,19,Two year,Fiber optic,Yes,No,Credit card,99.23,1969.01,1,1,No
C002909,0,8,One year,DSL,Yes,No,Electronic check,96.47,761.58,0,1,No
C002910,1,18,Month-to-month,No internet,No,Yes,Bank transfer,86.19,1495.57,4,2,No
C002911,0,32,One year,No internet,Yes,No,Electronic check,126.15,4111.28,0,2,No
C002912,0,11,Month-to-month,DSL,Yes,Yes,Mailed check,39.63,423.87,0,1,No
C002913,0,47,Month-to-month,Fiber optic,Yes,No,Mailed check,47.19,2212.94,3,1,No
C002914,0,25,Month-to-month,Fiber optic,No,No,Electronic check,46.78,1118.62,2,1,Yes
C002915,0,3,Month-to-month,DSL,No,No,Electronic check,50.82,156.69,2,2,Yes
C002916,1,19,Month-to-month,DSL,Yes,Yes,Credit card,82.66,1414.6,1,3,Yes
C002917,0,33,Month-to-month,DSL,No,Yes,Mailed check,71.61,2349.23,2,0,No
C002918,0,8,Two year,Fiber optic,Yes,No,Credit card,56.22,464.76,1,0,No
C002919,0,5,Month-to-month,DSL,Yes,No,Mailed check,95.43,501.66,0,0,No
C002920,0,9,Month-to-month,Fiber optic,No,No,Credit card,64.28,597.19,1,0,No
C002921,1,2,Two year,Fiber optic,Yes,No,Mailed check,52.24,112.51,2,1,No
C002922,0,3,Two year,DSL,No,No,Credit card,50.47,153.65,0,0,No
C002923,1,31,Two year,Fiber optic,No,No,Mailed check,33.45,1194.85,0,0,No
C002924,0,9,One year,Fiber optic,Yes,Yes,Electronic check,60.44,527.42,1,1,No
C002925,0,22,One year,Fiber optic,No,No,Electronic check,44.37,859.7,0,0,No
C002926,0,48,One year,Fiber optic,No,Yes,Electronic check,63.35,2649.13,1,0,No
C002927,1,70,One year,Fiber optic,No,No,Electronic check,75.57,4698.93,1,1,No
C002928,0,4,Month-to-month,No internet,No,Yes,Bank transfer,77.7,310.23,0,1,No
C002929,0,23,Month-to-month,Fiber optic,Yes,Yes,Mailed check,54.7,1130.58,2,2,No
C002930,0,7,Month-to-month,Fiber optic,No,Yes,Credit card,113.8,727.01,3,0,Yes
C002931,0,13,Month-to-month,DSL,No,Yes,Electronic check,37.08,501.5,0,3,No
C002932,1,42,Month-to-month,Fiber optic,No,No,Credit card,83.84,3146.24,1,3,Yes
C002933,0,3,One year,No internet,No,No,Electronic check,66.68,200.66,0,1,Yes
C002934,0,61,One year,No internet,No,No,Electronic check,73.16,4688.53,2,0,No
C002935,0,46,Month-to-month,DSL,Yes,No,Electronic check,48.94,2405.88,2,1,No
C002936,0,10,Two year,Fiber optic,Yes,Yes,Electronic check,46.39,469.94,1,1,No
C002937,0,65,Month-to-month,Fiber optic,Yes,No,Mailed check,82.02,4887.4,2,0,No
C002938,0,29,Two year,Fiber optic,Yes,No,Credit card,22.6,616.44,1,0,No
C002939,1,23,One year,DSL,No,No,Electronic check,69.33,1728.53,2,0,No
C002940,0,28,One year,DSL,No,Yes,Electronic check,29.14,891.84,1,0,No
C002941,0,4,Month-to-month,Fiber optic,Yes,Yes,Electronic check,19.8,77.13,0,2,No
C002942,0,27,Two year,Fiber optic,Yes,No,Credit card,67.72,1921.23,1,0,No
C002943,0,52,Month-to-month,Fiber optic,No,Yes,Electronic check,51.61,2801.31,0,2,No
C002944,0,48,Month-to-month,Fiber optic,Yes,Yes,Mailed check,114.6,5383.56,1,2,No
C002945,0,42,Month-to-month,Fiber optic,Yes,Yes,Credit card,21.66,965.35,1,1,No
C002946,0,11,Month-to-month,DSL,No,Yes,Electronic check,69.59,724.47,2,1,No
C002947,0,24,Month-to-month,DSL,Yes,Yes,Electronic check,68.5,1699.98,1,0,No
C002948,0,39,Month-to-month,DSL,No,Yes,Electronic check,70.12,2830.52,1,0,No
C002949,0,34,Month-to-month,DSL,No,Yes,Credit card,54.05,1820.02,2,0,Yes
C002950,1,38,Two year,Fiber optic,Yes,No,Electronic check,25.21,925.32,2,1,No
C002951,1,10,One year,Fiber optic,Yes,No,Credit card,84.3,919.79,3,1,Yes
C002952,0,15,Month-to-month,DSL,Yes,Yes,Electronic check,84.63,1208.79,1,1,No
C002953,0,3,One year,DSL,No,No,Electronic check,75.62,214.75,2,0,No
C002954,0,7,Month-to-month,No internet,No,No,Credit card,72.77,466.8,1,1,No
C002955,1,11,One year,No internet,Yes,No,Bank transfer,96.05,1041.83,1,0,No
C002956,0,9,One year,Fiber optic,No,No,Electronic check,90.53,805.24,1,0,No
C002957,0,53,Two year,DSL,Yes,No,Bank transfer,83.36,4202.46,0,1,No
C002958,0,34,Month-to-month,Fiber optic,No,No,Electronic check,50.12,1816.47,0,0,Yes
C002959,0,14,Two year,No internet,Yes,Yes,Credit card,91.38,1288.25,0,1,No
C002960,0,15,Month-to-month,Fiber optic,No,Yes,Bank transfer,44.05,683.47,0,1,No
C002961,1,15,Month-to-month,Fiber optic,Yes,Yes,Credit card,75.7,1041.75,1,0,No
C002962,0,30,Month-to-month,Fiber optic,Yes,No,Bank transfer,40.82,1200.96,2,2,No
C002963,1,30,Month-to-month,No internet,No,No,Bank transfer,61.88,2028.77,2,2,No
C002964,1,13,Two year,Fiber optic,No,Yes,Credit card,85.8,1185.59,2,2,Yes
C002965,0,11,Month-to-month,DSL,No,Yes,Bank transfer,58.16,657.64,0,3,Yes
C002966,0,18,Month-to-month,Fiber optic,Yes,Yes,Electronic check,89.82,1727.97,1,1,Yes
C002967,0,2,One year,No internet,No,Yes,Bank transfer,54.02,112.83,0,0,Yes
C002968,0,21,Month-to-month,DSL,Yes,Yes,Electronic check,107.84,2308.51,2,0,No
C002969,0,24,Two year,DSL,No,No,Bank transfer,62.03,1526.37,0,0,No
C002970,0,11,Month-to-month,DSL,Yes,Yes,Credit card,130.0,1472.9,1,0,No
C002971,0,5,Two year,DSL,No,No,Bank transfer,84.0,410.64,1,0,No
C002972,0,20,Two year,DSL,No,No,Credit card,65.01,1438.28,1,1,No
C002973,0,70,Month-to-month,Fiber optic,No,Yes,Mailed check,37.81,3032.19,4,2,Yes
C002974,0,22,Month-to-month,Fiber optic,Yes,No,Electronic check,55.45,1234.67,1,1,No
C002975,0,25,Month-to-month,Fiber optic,Yes,No,Electronic check,115.48,2888.93,3,0,Yes
C002976,0,9,Month-to-month,Fiber optic,No,No,Electronic check,34.63,356.16,1,0,No
C002977,0,12,Month-to-month,Fiber optic,No,Yes,Electronic check,26.66,329.48,6,1,Yes
C002978,0,14,Two year,Fiber optic,Yes,Yes,Electronic check,73.49,1067.96,2,0,No
C002979,0,7,Month-to-month,DSL,No,Yes,Electronic check,97.57,704.46,2,1,Yes
C002980,0,72,One year,Fiber optic,Yes,No,Bank transfer,56.51,4106.25,0,1,No
C002981,0,16,One year,Fiber optic,Yes,No,Bank transfer,44.38,698.47,0,0,No
C002982,0,17,Month-to-month,Fiber optic,Yes,No,Bank transfer,60.39,1079.17,2,1,Yes
C002983,0,55,Month-to-month,Fiber optic,No,No,Bank transfer,60.57,3054.12,1,0,No
C002984,0,19,Two year,Fiber optic,No,Yes,Credit card,94.2,,1,1,No
C002985,0,37,Month-to-month,Fiber optic,Yes,Yes,Bank transfer,113.2,4581.38,1,1,No
C002986,0,21,Month-to-month,DSL,No,Yes,Mailed check,62.27,1295.78,0,0,No
C002987,0,26,Month-to-month,Fiber optic,Yes,Yes,Mailed check,45.25,1155.19,3,1,No
C002988,0,6,One year,No internet,No,Yes,Electronic check,35.87,241.39,0,0,No
C002989,0,20,Month-to-month,Fiber optic,No,Yes,Electronic check,22.42,445.92,1,0,No
C002990,0,31,Month-to-month,Fiber optic,No,No,Credit card,64.11,1931.12,2,0,No
C002991,0,25,One year,Fiber optic,No,Yes,Electronic check,26.76,709.5,1,0,No
C002992,0,9,One year,Fiber optic,No,No,Credit card,83.79,708.32,1,0,No
C002993,0,30,One year,Fiber optic,No,Yes,Mailed check,60.02,1586.1,1,1,No
C002994,0,4,Month-to-month,DSL,No,Yes,Electronic check,48.19,193.72,2,1,No
C002995,1,8,Month-to-month,DSL,No,Yes,Credit card,102.01,794.72,2,0,No
C002996,1,47,Month-to-month,DSL,No,Yes,Bank transfer,22.23,1001.07,0,3,No
C002997,0,4,Month-to-month,Fiber optic,No,Yes,Credit card,88.59,340.41,1,1,Yes
C002998,0,42,One year,Fiber optic,Yes,Yes,Mailed check,68.54,,2,0,No
C002999,0,14,Month-to-month,Fiber optic,Yes,Yes,Credit card,72.35,999.34,0,1,No
C003000,0,25,Two year,DSL,No,Yes,Mailed check,65.52,1422.84,1,0,No
